Subject,Accuracy,Motion Direction,Movement Type
1,1,Cross,Across
1,1,Cross,Across
1,1,Cross,Across
1,1,Cross,Across
1,0,Cross,Across
1,0,Cross,Across
1,1,Cross,Across
1,0,Cross,Across
1,0,Cross,Across
1,1,Cross,Across
1,1,Cross,Across
1,1,Cross,Across
1,1,Cross,Across
1,1,Cross,Across
1,1,Cross,Across
1,0,Cross,Across
1,1,Cross,Across
1,1,Cross,Across
1,1,Cross,Across
1,1,Cross,Across
1,1,Cross,Across
1,0,Cross,Across
1,1,Cross,Across
1,1,Cross,Across
1,1,Cross,Across
1,1,Cross,Across
1,1,Cross,Across
1,0,Cross,Across
1,1,Cross,Across
1,0,Cross,Across
1,1,Cross,Across
1,0,Cross,Across
2,1,Cross,Across
2,0,Cross,Across
2,1,Cross,Across
2,0,Cross,Across
2,0,Cross,Across
2,0,Cross,Across
2,0,Cross,Across
2,1,Cross,Across
2,0,Cross,Across
2,0,Cross,Across
2,0,Cross,Across
2,0,Cross,Across
2,1,Cross,Across
2,1,Cross,Across
2,1,Cross,Across
2,0,Cross,Across
2,0,Cross,Across
2,0,Cross,Across
2,1,Cross,Across
2,0,Cross,Across
2,1,Cross,Across
2,1,Cross,Across
2,1,Cross,Across
2,0,Cross,Across
2,0,Cross,Across
2,0,Cross,Across
2,1,Cross,Across
2,0,Cross,Across
2,0,Cross,Across
2,0,Cross,Across
2,1,Cross,Across
2,1,Cross,Across
3,1,Cross,Across
3,1,Cross,Across
3,0,Cross,Across
3,1,Cross,Across
3,1,Cross,Across
3,1,Cross,Across
3,1,Cross,Across
3,1,Cross,Across
3,1,Cross,Across
3,1,Cross,Across
3,1,Cross,Across
3,0,Cross,Across
3,0,Cross,Across
3,1,Cross,Across
3,1,Cross,Across
3,0,Cross,Across
3,0,Cross,Across
3,0,Cross,Across
3,0,Cross,Across
3,1,Cross,Across
3,1,Cross,Across
3,1,Cross,Across
3,0,Cross,Across
3,1,Cross,Across
3,0,Cross,Across
3,1,Cross,Across
3,1,Cross,Across
3,1,Cross,Across
3,0,Cross,Across
3,0,Cross,Across
3,1,Cross,Across
3,1,Cross,Across
4,1,Cross,Across
4,0,Cross,Across
4,0,Cross,Across
4,1,Cross,Across
4,1,Cross,Across
4,1,Cross,Across
4,1,Cross,Across
4,1,Cross,Across
4,1,Cross,Across
4,1,Cross,Across
4,1,Cross,Across
4,0,Cross,Across
4,1,Cross,Across
4,1,Cross,Across
4,1,Cross,Across
4,1,Cross,Across
4,0,Cross,Across
4,1,Cross,Across
4,1,Cross,Across
4,1,Cross,Across
4,1,Cross,Across
4,0,Cross,Across
4,1,Cross,Across
4,1,Cross,Across
4,0,Cross,Across
4,1,Cross,Across
4,0,Cross,Across
4,0,Cross,Across
4,1,Cross,Across
4,1,Cross,Across
4,1,Cross,Across
4,1,Cross,Across
5,0,Cross,Across
5,1,Cross,Across
5,1,Cross,Across
5,1,Cross,Across
5,1,Cross,Across
5,1,Cross,Across
5,1,Cross,Across
5,1,Cross,Across
5,1,Cross,Across
5,0,Cross,Across
5,1,Cross,Across
5,1,Cross,Across
5,0,Cross,Across
5,1,Cross,Across
5,0,Cross,Across
5,0,Cross,Across
5,1,Cross,Across
5,1,Cross,Across
5,1,Cross,Across
5,1,Cross,Across
5,1,Cross,Across
5,0,Cross,Across
5,1,Cross,Across
5,1,Cross,Across
5,1,Cross,Across
5,1,Cross,Across
5,0,Cross,Across
5,1,Cross,Across
5,1,Cross,Across
5,1,Cross,Across
5,1,Cross,Across
5,0,Cross,Across
6,0,Cross,Across
6,0,Cross,Across
6,1,Cross,Across
6,0,Cross,Across
6,0,Cross,Across
6,1,Cross,Across
6,1,Cross,Across
6,1,Cross,Across
6,1,Cross,Across
6,0,Cross,Across
6,0,Cross,Across
6,1,Cross,Across
6,1,Cross,Across
6,0,Cross,Across
6,1,Cross,Across
6,1,Cross,Across
6,1,Cross,Across
6,1,Cross,Across
6,1,Cross,Across
6,1,Cross,Across
6,0,Cross,Across
6,0,Cross,Across
6,0,Cross,Across
6,1,Cross,Across
6,1,Cross,Across
6,1,Cross,Across
6,1,Cross,Across
6,1,Cross,Across
6,1,Cross,Across
6,1,Cross,Across
6,0,Cross,Across
6,1,Cross,Across
7,1,Cross,Across
7,1,Cross,Across
7,1,Cross,Across
7,1,Cross,Across
7,1,Cross,Across
7,1,Cross,Across
7,1,Cross,Across
7,1,Cross,Across
7,1,Cross,Across
7,1,Cross,Across
7,1,Cross,Across
7,1,Cross,Across
7,1,Cross,Across
7,1,Cross,Across
7,1,Cross,Across
7,1,Cross,Across
7,1,Cross,Across
7,1,Cross,Across
7,1,Cross,Across
7,1,Cross,Across
7,1,Cross,Across
7,1,Cross,Across
7,1,Cross,Across
7,1,Cross,Across
7,1,Cross,Across
7,1,Cross,Across
7,1,Cross,Across
7,1,Cross,Across
7,1,Cross,Across
7,1,Cross,Across
7,1,Cross,Across
7,1,Cross,Across
8,1,Cross,Across
8,1,Cross,Across
8,0,Cross,Across
8,1,Cross,Across
8,0,Cross,Across
8,0,Cross,Across
8,0,Cross,Across
8,1,Cross,Across
8,1,Cross,Across
8,1,Cross,Across
8,1,Cross,Across
8,0,Cross,Across
8,1,Cross,Across
8,1,Cross,Across
8,1,Cross,Across
8,1,Cross,Across
8,0,Cross,Across
8,1,Cross,Across
8,1,Cross,Across
8,1,Cross,Across
8,1,Cross,Across
8,1,Cross,Across
8,1,Cross,Across
8,1,Cross,Across
8,1,Cross,Across
8,1,Cross,Across
8,1,Cross,Across
8,0,Cross,Across
8,1,Cross,Across
8,1,Cross,Across
8,1,Cross,Across
8,0,Cross,Across
9,1,Cross,Across
9,0,Cross,Across
9,1,Cross,Across
9,1,Cross,Across
9,0,Cross,Across
9,1,Cross,Across
9,1,Cross,Across
9,1,Cross,Across
9,1,Cross,Across
9,0,Cross,Across
9,0,Cross,Across
9,1,Cross,Across
9,1,Cross,Across
9,1,Cross,Across
9,1,Cross,Across
9,1,Cross,Across
9,1,Cross,Across
9,0,Cross,Across
9,1,Cross,Across
9,0,Cross,Across
9,1,Cross,Across
9,1,Cross,Across
9,1,Cross,Across
9,1,Cross,Across
9,0,Cross,Across
9,0,Cross,Across
9,0,Cross,Across
9,1,Cross,Across
9,1,Cross,Across
9,1,Cross,Across
9,0,Cross,Across
9,0,Cross,Across
10,1,Cross,Across
10,0,Cross,Across
10,1,Cross,Across
10,0,Cross,Across
10,1,Cross,Across
10,1,Cross,Across
10,1,Cross,Across
10,1,Cross,Across
10,1,Cross,Across
10,1,Cross,Across
10,1,Cross,Across
10,0,Cross,Across
10,0,Cross,Across
10,0,Cross,Across
10,1,Cross,Across
10,1,Cross,Across
10,1,Cross,Across
10,1,Cross,Across
10,1,Cross,Across
10,1,Cross,Across
10,1,Cross,Across
10,1,Cross,Across
10,1,Cross,Across
10,1,Cross,Across
10,0,Cross,Across
10,1,Cross,Across
10,1,Cross,Across
10,1,Cross,Across
10,1,Cross,Across
10,1,Cross,Across
10,1,Cross,Across
10,0,Cross,Across
11,0,Cross,Across
11,1,Cross,Across
11,0,Cross,Across
11,1,Cross,Across
11,1,Cross,Across
11,1,Cross,Across
11,1,Cross,Across
11,1,Cross,Across
11,1,Cross,Across
11,1,Cross,Across
11,1,Cross,Across
11,1,Cross,Across
11,1,Cross,Across
11,0,Cross,Across
11,1,Cross,Across
11,1,Cross,Across
11,1,Cross,Across
11,0,Cross,Across
11,1,Cross,Across
11,1,Cross,Across
11,1,Cross,Across
11,0,Cross,Across
11,1,Cross,Across
11,0,Cross,Across
11,1,Cross,Across
11,1,Cross,Across
11,1,Cross,Across
11,1,Cross,Across
11,1,Cross,Across
11,1,Cross,Across
11,0,Cross,Across
11,0,Cross,Across
12,1,Cross,Across
12,1,Cross,Across
12,0,Cross,Across
12,1,Cross,Across
12,0,Cross,Across
12,0,Cross,Across
12,0,Cross,Across
12,0,Cross,Across
12,1,Cross,Across
12,0,Cross,Across
12,1,Cross,Across
12,1,Cross,Across
12,1,Cross,Across
12,1,Cross,Across
12,1,Cross,Across
12,0,Cross,Across
12,1,Cross,Across
12,0,Cross,Across
12,1,Cross,Across
12,1,Cross,Across
12,1,Cross,Across
12,1,Cross,Across
12,1,Cross,Across
12,0,Cross,Across
12,1,Cross,Across
12,1,Cross,Across
12,1,Cross,Across
12,1,Cross,Across
12,1,Cross,Across
12,1,Cross,Across
12,1,Cross,Across
12,1,Cross,Across
13,1,Cross,Across
13,1,Cross,Across
13,1,Cross,Across
13,1,Cross,Across
13,1,Cross,Across
13,1,Cross,Across
13,1,Cross,Across
13,0,Cross,Across
13,0,Cross,Across
13,1,Cross,Across
13,1,Cross,Across
13,1,Cross,Across
13,1,Cross,Across
13,1,Cross,Across
13,1,Cross,Across
13,1,Cross,Across
13,1,Cross,Across
13,1,Cross,Across
13,0,Cross,Across
13,1,Cross,Across
13,1,Cross,Across
13,1,Cross,Across
13,1,Cross,Across
13,1,Cross,Across
13,1,Cross,Across
13,1,Cross,Across
13,0,Cross,Across
13,1,Cross,Across
13,1,Cross,Across
13,0,Cross,Across
13,1,Cross,Across
13,0,Cross,Across
14,1,Cross,Across
14,1,Cross,Across
14,1,Cross,Across
14,1,Cross,Across
14,1,Cross,Across
14,1,Cross,Across
14,1,Cross,Across
14,1,Cross,Across
14,1,Cross,Across
14,1,Cross,Across
14,1,Cross,Across
14,1,Cross,Across
14,1,Cross,Across
14,1,Cross,Across
14,1,Cross,Across
14,1,Cross,Across
14,1,Cross,Across
14,1,Cross,Across
14,1,Cross,Across
14,1,Cross,Across
14,1,Cross,Across
14,1,Cross,Across
14,1,Cross,Across
14,1,Cross,Across
14,1,Cross,Across
14,1,Cross,Across
14,1,Cross,Across
14,1,Cross,Across
14,1,Cross,Across
14,1,Cross,Across
14,1,Cross,Across
14,1,Cross,Across
15,1,Cross,Across
15,1,Cross,Across
15,1,Cross,Across
15,1,Cross,Across
15,1,Cross,Across
15,0,Cross,Across
15,1,Cross,Across
15,1,Cross,Across
15,1,Cross,Across
15,0,Cross,Across
15,1,Cross,Across
15,1,Cross,Across
15,1,Cross,Across
15,0,Cross,Across
15,0,Cross,Across
15,1,Cross,Across
15,1,Cross,Across
15,1,Cross,Across
15,1,Cross,Across
15,1,Cross,Across
15,1,Cross,Across
15,1,Cross,Across
15,0,Cross,Across
15,1,Cross,Across
15,1,Cross,Across
15,1,Cross,Across
15,0,Cross,Across
15,1,Cross,Across
15,1,Cross,Across
15,1,Cross,Across
15,1,Cross,Across
15,1,Cross,Across
16,1,Cross,Across
16,0,Cross,Across
16,1,Cross,Across
16,1,Cross,Across
16,1,Cross,Across
16,1,Cross,Across
16,1,Cross,Across
16,1,Cross,Across
16,1,Cross,Across
16,1,Cross,Across
16,1,Cross,Across
16,1,Cross,Across
16,1,Cross,Across
16,1,Cross,Across
16,1,Cross,Across
16,1,Cross,Across
16,1,Cross,Across
16,1,Cross,Across
16,0,Cross,Across
16,1,Cross,Across
16,1,Cross,Across
16,0,Cross,Across
16,1,Cross,Across
16,1,Cross,Across
16,1,Cross,Across
16,0,Cross,Across
16,1,Cross,Across
16,1,Cross,Across
16,1,Cross,Across
16,0,Cross,Across
16,0,Cross,Across
16,1,Cross,Across
17,0,Cross,Across
17,1,Cross,Across
17,1,Cross,Across
17,1,Cross,Across
17,1,Cross,Across
17,1,Cross,Across
17,1,Cross,Across
17,1,Cross,Across
17,1,Cross,Across
17,1,Cross,Across
17,0,Cross,Across
17,1,Cross,Across
17,1,Cross,Across
17,1,Cross,Across
17,1,Cross,Across
17,1,Cross,Across
17,1,Cross,Across
17,1,Cross,Across
17,0,Cross,Across
17,1,Cross,Across
17,0,Cross,Across
17,0,Cross,Across
17,1,Cross,Across
17,1,Cross,Across
17,1,Cross,Across
17,0,Cross,Across
17,1,Cross,Across
17,1,Cross,Across
17,1,Cross,Across
17,1,Cross,Across
17,1,Cross,Across
17,1,Cross,Across
18,1,Cross,Across
18,1,Cross,Across
18,0,Cross,Across
18,1,Cross,Across
18,0,Cross,Across
18,1,Cross,Across
18,1,Cross,Across
18,1,Cross,Across
18,0,Cross,Across
18,1,Cross,Across
18,1,Cross,Across
18,1,Cross,Across
18,0,Cross,Across
18,1,Cross,Across
18,1,Cross,Across
18,0,Cross,Across
18,0,Cross,Across
18,1,Cross,Across
18,1,Cross,Across
18,1,Cross,Across
18,0,Cross,Across
18,1,Cross,Across
18,1,Cross,Across
18,1,Cross,Across
18,0,Cross,Across
18,1,Cross,Across
18,1,Cross,Across
18,1,Cross,Across
18,1,Cross,Across
18,1,Cross,Across
18,1,Cross,Across
18,1,Cross,Across
19,1,Cross,Across
19,0,Cross,Across
19,1,Cross,Across
19,1,Cross,Across
19,1,Cross,Across
19,1,Cross,Across
19,1,Cross,Across
19,1,Cross,Across
19,1,Cross,Across
19,1,Cross,Across
19,1,Cross,Across
19,1,Cross,Across
19,1,Cross,Across
19,1,Cross,Across
19,1,Cross,Across
19,1,Cross,Across
19,1,Cross,Across
19,1,Cross,Across
19,1,Cross,Across
19,1,Cross,Across
19,1,Cross,Across
19,1,Cross,Across
19,0,Cross,Across
19,1,Cross,Across
19,1,Cross,Across
19,1,Cross,Across
19,1,Cross,Across
19,1,Cross,Across
19,1,Cross,Across
19,1,Cross,Across
19,1,Cross,Across
19,1,Cross,Across
20,0,Cross,Across
20,1,Cross,Across
20,1,Cross,Across
20,1,Cross,Across
20,1,Cross,Across
20,1,Cross,Across
20,1,Cross,Across
20,1,Cross,Across
20,0,Cross,Across
20,1,Cross,Across
20,1,Cross,Across
20,0,Cross,Across
20,1,Cross,Across
20,1,Cross,Across
20,1,Cross,Across
20,1,Cross,Across
20,1,Cross,Across
20,1,Cross,Across
20,0,Cross,Across
20,0,Cross,Across
20,0,Cross,Across
20,1,Cross,Across
20,0,Cross,Across
20,0,Cross,Across
20,1,Cross,Across
20,0,Cross,Across
20,0,Cross,Across
20,1,Cross,Across
20,0,Cross,Across
20,0,Cross,Across
20,0,Cross,Across
20,0,Cross,Across
21,1,Cross,Across
21,1,Cross,Across
21,1,Cross,Across
21,1,Cross,Across
21,1,Cross,Across
21,1,Cross,Across
21,1,Cross,Across
21,0,Cross,Across
21,1,Cross,Across
21,1,Cross,Across
21,1,Cross,Across
21,1,Cross,Across
21,1,Cross,Across
21,1,Cross,Across
21,1,Cross,Across
21,1,Cross,Across
21,1,Cross,Across
21,1,Cross,Across
21,1,Cross,Across
21,1,Cross,Across
21,1,Cross,Across
21,1,Cross,Across
21,1,Cross,Across
21,1,Cross,Across
21,1,Cross,Across
21,1,Cross,Across
21,1,Cross,Across
21,1,Cross,Across
21,0,Cross,Across
21,1,Cross,Across
21,1,Cross,Across
21,1,Cross,Across
22,0,Cross,Across
22,1,Cross,Across
22,1,Cross,Across
22,1,Cross,Across
22,1,Cross,Across
22,1,Cross,Across
22,1,Cross,Across
22,1,Cross,Across
22,0,Cross,Across
22,1,Cross,Across
22,1,Cross,Across
22,1,Cross,Across
22,0,Cross,Across
22,1,Cross,Across
22,0,Cross,Across
22,1,Cross,Across
22,1,Cross,Across
22,1,Cross,Across
22,1,Cross,Across
22,1,Cross,Across
22,1,Cross,Across
22,1,Cross,Across
22,0,Cross,Across
22,1,Cross,Across
22,1,Cross,Across
22,1,Cross,Across
22,1,Cross,Across
22,1,Cross,Across
22,1,Cross,Across
22,1,Cross,Across
22,1,Cross,Across
22,1,Cross,Across
23,1,Cross,Across
23,1,Cross,Across
23,1,Cross,Across
23,1,Cross,Across
23,1,Cross,Across
23,1,Cross,Across
23,1,Cross,Across
23,0,Cross,Across
23,1,Cross,Across
23,1,Cross,Across
23,1,Cross,Across
23,1,Cross,Across
23,1,Cross,Across
23,1,Cross,Across
23,1,Cross,Across
23,1,Cross,Across
23,1,Cross,Across
23,1,Cross,Across
23,1,Cross,Across
23,1,Cross,Across
23,1,Cross,Across
23,0,Cross,Across
23,0,Cross,Across
23,1,Cross,Across
23,1,Cross,Across
23,1,Cross,Across
23,1,Cross,Across
23,1,Cross,Across
23,1,Cross,Across
23,1,Cross,Across
23,1,Cross,Across
23,0,Cross,Across
24,1,Cross,Across
24,1,Cross,Across
24,1,Cross,Across
24,1,Cross,Across
24,1,Cross,Across
24,1,Cross,Across
24,0,Cross,Across
24,1,Cross,Across
24,1,Cross,Across
24,1,Cross,Across
24,1,Cross,Across
24,1,Cross,Across
24,0,Cross,Across
24,1,Cross,Across
24,0,Cross,Across
24,1,Cross,Across
24,1,Cross,Across
24,0,Cross,Across
24,1,Cross,Across
24,1,Cross,Across
24,1,Cross,Across
24,1,Cross,Across
24,1,Cross,Across
24,1,Cross,Across
24,1,Cross,Across
24,1,Cross,Across
24,1,Cross,Across
24,1,Cross,Across
24,1,Cross,Across
24,0,Cross,Across
24,1,Cross,Across
24,1,Cross,Across
25,1,Cross,Across
25,1,Cross,Across
25,1,Cross,Across
25,1,Cross,Across
25,1,Cross,Across
25,1,Cross,Across
25,1,Cross,Across
25,1,Cross,Across
25,1,Cross,Across
25,1,Cross,Across
25,1,Cross,Across
25,1,Cross,Across
25,1,Cross,Across
25,0,Cross,Across
25,1,Cross,Across
25,1,Cross,Across
25,1,Cross,Across
25,1,Cross,Across
25,0,Cross,Across
25,1,Cross,Across
25,1,Cross,Across
25,1,Cross,Across
25,1,Cross,Across
25,1,Cross,Across
25,1,Cross,Across
25,1,Cross,Across
25,0,Cross,Across
25,1,Cross,Across
25,1,Cross,Across
25,1,Cross,Across
25,0,Cross,Across
25,1,Cross,Across
26,1,Cross,Within
26,1,Cross,Within
26,1,Cross,Within
26,1,Cross,Within
26,1,Cross,Within
26,1,Cross,Within
26,1,Cross,Within
26,1,Cross,Within
26,1,Cross,Within
26,1,Cross,Within
26,1,Cross,Within
26,1,Cross,Within
26,1,Cross,Within
26,1,Cross,Within
26,1,Cross,Within
26,1,Cross,Within
26,1,Cross,Within
26,1,Cross,Within
26,0,Cross,Within
26,1,Cross,Within
26,1,Cross,Within
26,1,Cross,Within
26,1,Cross,Within
26,1,Cross,Within
26,0,Cross,Within
26,1,Cross,Within
26,1,Cross,Within
26,1,Cross,Within
26,1,Cross,Within
26,1,Cross,Within
26,1,Cross,Within
26,1,Cross,Within
27,1,Cross,Within
27,1,Cross,Within
27,0,Cross,Within
27,1,Cross,Within
27,0,Cross,Within
27,1,Cross,Within
27,1,Cross,Within
27,1,Cross,Within
27,1,Cross,Within
27,0,Cross,Within
27,1,Cross,Within
27,1,Cross,Within
27,0,Cross,Within
27,0,Cross,Within
27,0,Cross,Within
27,0,Cross,Within
27,0,Cross,Within
27,0,Cross,Within
27,1,Cross,Within
27,1,Cross,Within
27,1,Cross,Within
27,0,Cross,Within
27,0,Cross,Within
27,1,Cross,Within
27,0,Cross,Within
27,0,Cross,Within
27,0,Cross,Within
27,0,Cross,Within
27,1,Cross,Within
27,1,Cross,Within
27,1,Cross,Within
27,0,Cross,Within
28,0,Cross,Within
28,0,Cross,Within
28,1,Cross,Within
28,1,Cross,Within
28,1,Cross,Within
28,0,Cross,Within
28,1,Cross,Within
28,1,Cross,Within
28,1,Cross,Within
28,1,Cross,Within
28,1,Cross,Within
28,1,Cross,Within
28,0,Cross,Within
28,0,Cross,Within
28,1,Cross,Within
28,0,Cross,Within
28,1,Cross,Within
28,1,Cross,Within
28,0,Cross,Within
28,1,Cross,Within
28,1,Cross,Within
28,0,Cross,Within
28,1,Cross,Within
28,1,Cross,Within
28,0,Cross,Within
28,1,Cross,Within
28,0,Cross,Within
28,1,Cross,Within
28,0,Cross,Within
28,1,Cross,Within
28,1,Cross,Within
28,1,Cross,Within
29,1,Cross,Within
29,1,Cross,Within
29,1,Cross,Within
29,1,Cross,Within
29,0,Cross,Within
29,1,Cross,Within
29,1,Cross,Within
29,1,Cross,Within
29,1,Cross,Within
29,1,Cross,Within
29,1,Cross,Within
29,1,Cross,Within
29,1,Cross,Within
29,1,Cross,Within
29,1,Cross,Within
29,1,Cross,Within
29,1,Cross,Within
29,1,Cross,Within
29,1,Cross,Within
29,1,Cross,Within
29,1,Cross,Within
29,1,Cross,Within
29,1,Cross,Within
29,1,Cross,Within
29,1,Cross,Within
29,1,Cross,Within
29,1,Cross,Within
29,1,Cross,Within
29,1,Cross,Within
29,1,Cross,Within
29,1,Cross,Within
29,1,Cross,Within
30,0,Cross,Within
30,1,Cross,Within
30,1,Cross,Within
30,1,Cross,Within
30,1,Cross,Within
30,1,Cross,Within
30,1,Cross,Within
30,1,Cross,Within
30,1,Cross,Within
30,1,Cross,Within
30,1,Cross,Within
30,1,Cross,Within
30,0,Cross,Within
30,0,Cross,Within
30,1,Cross,Within
30,1,Cross,Within
30,1,Cross,Within
30,1,Cross,Within
30,1,Cross,Within
30,1,Cross,Within
30,1,Cross,Within
30,1,Cross,Within
30,1,Cross,Within
30,1,Cross,Within
30,1,Cross,Within
30,1,Cross,Within
30,1,Cross,Within
30,1,Cross,Within
30,1,Cross,Within
30,1,Cross,Within
30,1,Cross,Within
30,1,Cross,Within
31,1,Cross,Within
31,0,Cross,Within
31,1,Cross,Within
31,1,Cross,Within
31,1,Cross,Within
31,1,Cross,Within
31,1,Cross,Within
31,1,Cross,Within
31,1,Cross,Within
31,1,Cross,Within
31,1,Cross,Within
31,1,Cross,Within
31,1,Cross,Within
31,1,Cross,Within
31,1,Cross,Within
31,1,Cross,Within
31,1,Cross,Within
31,1,Cross,Within
31,1,Cross,Within
31,1,Cross,Within
31,1,Cross,Within
31,0,Cross,Within
31,0,Cross,Within
31,1,Cross,Within
31,1,Cross,Within
31,1,Cross,Within
31,1,Cross,Within
31,1,Cross,Within
31,1,Cross,Within
31,0,Cross,Within
31,1,Cross,Within
31,1,Cross,Within
32,1,Cross,Within
32,1,Cross,Within
32,1,Cross,Within
32,1,Cross,Within
32,1,Cross,Within
32,1,Cross,Within
32,0,Cross,Within
32,1,Cross,Within
32,1,Cross,Within
32,1,Cross,Within
32,1,Cross,Within
32,1,Cross,Within
32,1,Cross,Within
32,1,Cross,Within
32,1,Cross,Within
32,1,Cross,Within
32,1,Cross,Within
32,1,Cross,Within
32,1,Cross,Within
32,1,Cross,Within
32,1,Cross,Within
32,1,Cross,Within
32,1,Cross,Within
32,1,Cross,Within
32,1,Cross,Within
32,1,Cross,Within
32,1,Cross,Within
32,1,Cross,Within
32,1,Cross,Within
32,1,Cross,Within
32,0,Cross,Within
32,1,Cross,Within
33,1,Cross,Within
33,1,Cross,Within
33,0,Cross,Within
33,1,Cross,Within
33,1,Cross,Within
33,1,Cross,Within
33,1,Cross,Within
33,0,Cross,Within
33,1,Cross,Within
33,1,Cross,Within
33,1,Cross,Within
33,0,Cross,Within
33,1,Cross,Within
33,1,Cross,Within
33,0,Cross,Within
33,1,Cross,Within
33,1,Cross,Within
33,1,Cross,Within
33,1,Cross,Within
33,1,Cross,Within
33,0,Cross,Within
33,1,Cross,Within
33,1,Cross,Within
33,1,Cross,Within
33,1,Cross,Within
33,1,Cross,Within
33,1,Cross,Within
33,1,Cross,Within
33,1,Cross,Within
33,1,Cross,Within
33,1,Cross,Within
33,1,Cross,Within
34,1,Cross,Within
34,0,Cross,Within
34,0,Cross,Within
34,0,Cross,Within
34,0,Cross,Within
34,1,Cross,Within
34,0,Cross,Within
34,1,Cross,Within
34,1,Cross,Within
34,1,Cross,Within
34,0,Cross,Within
34,0,Cross,Within
34,1,Cross,Within
34,1,Cross,Within
34,1,Cross,Within
34,1,Cross,Within
34,1,Cross,Within
34,1,Cross,Within
34,1,Cross,Within
34,1,Cross,Within
34,0,Cross,Within
34,1,Cross,Within
34,0,Cross,Within
34,1,Cross,Within
34,0,Cross,Within
34,1,Cross,Within
34,1,Cross,Within
34,1,Cross,Within
34,0,Cross,Within
34,1,Cross,Within
34,0,Cross,Within
34,1,Cross,Within
35,1,Cross,Within
35,1,Cross,Within
35,1,Cross,Within
35,0,Cross,Within
35,1,Cross,Within
35,1,Cross,Within
35,1,Cross,Within
35,1,Cross,Within
35,1,Cross,Within
35,1,Cross,Within
35,0,Cross,Within
35,0,Cross,Within
35,0,Cross,Within
35,1,Cross,Within
35,1,Cross,Within
35,1,Cross,Within
35,1,Cross,Within
35,1,Cross,Within
35,1,Cross,Within
35,1,Cross,Within
35,1,Cross,Within
35,1,Cross,Within
35,0,Cross,Within
35,1,Cross,Within
35,1,Cross,Within
35,1,Cross,Within
35,0,Cross,Within
35,1,Cross,Within
35,1,Cross,Within
35,1,Cross,Within
35,1,Cross,Within
35,1,Cross,Within
36,1,Cross,Within
36,1,Cross,Within
36,1,Cross,Within
36,1,Cross,Within
36,1,Cross,Within
36,1,Cross,Within
36,1,Cross,Within
36,1,Cross,Within
36,1,Cross,Within
36,1,Cross,Within
36,1,Cross,Within
36,1,Cross,Within
36,1,Cross,Within
36,1,Cross,Within
36,1,Cross,Within
36,1,Cross,Within
36,1,Cross,Within
36,1,Cross,Within
36,0,Cross,Within
36,0,Cross,Within
36,1,Cross,Within
36,1,Cross,Within
36,1,Cross,Within
36,1,Cross,Within
36,1,Cross,Within
36,1,Cross,Within
36,1,Cross,Within
36,1,Cross,Within
36,1,Cross,Within
36,1,Cross,Within
36,1,Cross,Within
36,1,Cross,Within
37,1,Cross,Within
37,1,Cross,Within
37,1,Cross,Within
37,1,Cross,Within
37,1,Cross,Within
37,1,Cross,Within
37,1,Cross,Within
37,1,Cross,Within
37,1,Cross,Within
37,1,Cross,Within
37,1,Cross,Within
37,1,Cross,Within
37,1,Cross,Within
37,1,Cross,Within
37,1,Cross,Within
37,1,Cross,Within
37,1,Cross,Within
37,1,Cross,Within
37,1,Cross,Within
37,1,Cross,Within
37,1,Cross,Within
37,1,Cross,Within
37,0,Cross,Within
37,0,Cross,Within
37,1,Cross,Within
37,1,Cross,Within
37,1,Cross,Within
37,1,Cross,Within
37,1,Cross,Within
37,1,Cross,Within
37,1,Cross,Within
37,1,Cross,Within
38,1,Cross,Within
38,1,Cross,Within
38,1,Cross,Within
38,1,Cross,Within
38,1,Cross,Within
38,1,Cross,Within
38,1,Cross,Within
38,1,Cross,Within
38,1,Cross,Within
38,1,Cross,Within
38,1,Cross,Within
38,1,Cross,Within
38,0,Cross,Within
38,1,Cross,Within
38,1,Cross,Within
38,1,Cross,Within
38,1,Cross,Within
38,1,Cross,Within
38,0,Cross,Within
38,1,Cross,Within
38,1,Cross,Within
38,1,Cross,Within
38,1,Cross,Within
38,1,Cross,Within
38,1,Cross,Within
38,0,Cross,Within
38,1,Cross,Within
38,1,Cross,Within
38,1,Cross,Within
38,1,Cross,Within
38,1,Cross,Within
38,1,Cross,Within
39,1,Cross,Within
39,1,Cross,Within
39,1,Cross,Within
39,0,Cross,Within
39,0,Cross,Within
39,1,Cross,Within
39,1,Cross,Within
39,1,Cross,Within
39,1,Cross,Within
39,1,Cross,Within
39,0,Cross,Within
39,1,Cross,Within
39,0,Cross,Within
39,1,Cross,Within
39,0,Cross,Within
39,0,Cross,Within
39,1,Cross,Within
39,1,Cross,Within
39,0,Cross,Within
39,1,Cross,Within
39,1,Cross,Within
39,0,Cross,Within
39,1,Cross,Within
39,1,Cross,Within
39,1,Cross,Within
39,1,Cross,Within
39,1,Cross,Within
39,0,Cross,Within
39,0,Cross,Within
39,0,Cross,Within
39,1,Cross,Within
39,0,Cross,Within
40,1,Cross,Within
40,1,Cross,Within
40,1,Cross,Within
40,1,Cross,Within
40,1,Cross,Within
40,0,Cross,Within
40,1,Cross,Within
40,1,Cross,Within
40,1,Cross,Within
40,1,Cross,Within
40,1,Cross,Within
40,1,Cross,Within
40,1,Cross,Within
40,1,Cross,Within
40,0,Cross,Within
40,1,Cross,Within
40,1,Cross,Within
40,1,Cross,Within
40,1,Cross,Within
40,0,Cross,Within
40,1,Cross,Within
40,1,Cross,Within
40,1,Cross,Within
40,1,Cross,Within
40,1,Cross,Within
40,1,Cross,Within
40,1,Cross,Within
40,1,Cross,Within
40,1,Cross,Within
40,1,Cross,Within
40,1,Cross,Within
40,1,Cross,Within
41,1,Cross,Within
41,0,Cross,Within
41,1,Cross,Within
41,0,Cross,Within
41,0,Cross,Within
41,0,Cross,Within
41,1,Cross,Within
41,1,Cross,Within
41,0,Cross,Within
41,1,Cross,Within
41,1,Cross,Within
41,1,Cross,Within
41,1,Cross,Within
41,1,Cross,Within
41,0,Cross,Within
41,1,Cross,Within
41,1,Cross,Within
41,1,Cross,Within
41,1,Cross,Within
41,1,Cross,Within
41,1,Cross,Within
41,1,Cross,Within
41,1,Cross,Within
41,1,Cross,Within
41,1,Cross,Within
41,1,Cross,Within
41,1,Cross,Within
41,1,Cross,Within
41,1,Cross,Within
41,1,Cross,Within
41,0,Cross,Within
41,1,Cross,Within
42,1,Cross,Within
42,1,Cross,Within
42,1,Cross,Within
42,1,Cross,Within
42,1,Cross,Within
42,0,Cross,Within
42,1,Cross,Within
42,1,Cross,Within
42,1,Cross,Within
42,1,Cross,Within
42,1,Cross,Within
42,1,Cross,Within
42,1,Cross,Within
42,1,Cross,Within
42,0,Cross,Within
42,1,Cross,Within
42,1,Cross,Within
42,1,Cross,Within
42,1,Cross,Within
42,1,Cross,Within
42,1,Cross,Within
42,1,Cross,Within
42,1,Cross,Within
42,1,Cross,Within
42,1,Cross,Within
42,1,Cross,Within
42,1,Cross,Within
42,1,Cross,Within
42,1,Cross,Within
42,0,Cross,Within
42,1,Cross,Within
42,1,Cross,Within
43,1,Cross,Within
43,1,Cross,Within
43,1,Cross,Within
43,1,Cross,Within
43,1,Cross,Within
43,1,Cross,Within
43,1,Cross,Within
43,1,Cross,Within
43,1,Cross,Within
43,1,Cross,Within
43,0,Cross,Within
43,1,Cross,Within
43,1,Cross,Within
43,1,Cross,Within
43,1,Cross,Within
43,1,Cross,Within
43,1,Cross,Within
43,1,Cross,Within
43,1,Cross,Within
43,0,Cross,Within
43,1,Cross,Within
43,1,Cross,Within
43,1,Cross,Within
43,1,Cross,Within
43,1,Cross,Within
43,1,Cross,Within
43,1,Cross,Within
43,1,Cross,Within
43,1,Cross,Within
43,1,Cross,Within
43,1,Cross,Within
43,1,Cross,Within
44,1,Cross,Within
44,1,Cross,Within
44,1,Cross,Within
44,1,Cross,Within
44,1,Cross,Within
44,1,Cross,Within
44,0,Cross,Within
44,1,Cross,Within
44,1,Cross,Within
44,0,Cross,Within
44,1,Cross,Within
44,1,Cross,Within
44,1,Cross,Within
44,1,Cross,Within
44,1,Cross,Within
44,0,Cross,Within
44,1,Cross,Within
44,0,Cross,Within
44,0,Cross,Within
44,1,Cross,Within
44,1,Cross,Within
44,1,Cross,Within
44,1,Cross,Within
44,0,Cross,Within
44,1,Cross,Within
44,1,Cross,Within
44,1,Cross,Within
44,1,Cross,Within
44,1,Cross,Within
44,1,Cross,Within
44,1,Cross,Within
44,1,Cross,Within
45,1,Cross,Within
45,0,Cross,Within
45,1,Cross,Within
45,1,Cross,Within
45,0,Cross,Within
45,1,Cross,Within
45,1,Cross,Within
45,1,Cross,Within
45,1,Cross,Within
45,1,Cross,Within
45,1,Cross,Within
45,1,Cross,Within
45,1,Cross,Within
45,1,Cross,Within
45,1,Cross,Within
45,1,Cross,Within
45,1,Cross,Within
45,1,Cross,Within
45,1,Cross,Within
45,1,Cross,Within
45,1,Cross,Within
45,1,Cross,Within
45,1,Cross,Within
45,1,Cross,Within
45,1,Cross,Within
45,1,Cross,Within
45,1,Cross,Within
45,1,Cross,Within
45,1,Cross,Within
45,1,Cross,Within
45,1,Cross,Within
45,1,Cross,Within
46,1,Cross,Within
46,1,Cross,Within
46,1,Cross,Within
46,0,Cross,Within
46,0,Cross,Within
46,1,Cross,Within
46,0,Cross,Within
46,1,Cross,Within
46,0,Cross,Within
46,1,Cross,Within
46,1,Cross,Within
46,1,Cross,Within
46,1,Cross,Within
46,1,Cross,Within
46,1,Cross,Within
46,1,Cross,Within
46,1,Cross,Within
46,1,Cross,Within
46,1,Cross,Within
46,1,Cross,Within
46,1,Cross,Within
46,1,Cross,Within
46,1,Cross,Within
46,1,Cross,Within
46,0,Cross,Within
46,1,Cross,Within
46,1,Cross,Within
46,1,Cross,Within
46,1,Cross,Within
46,1,Cross,Within
46,1,Cross,Within
46,1,Cross,Within
47,1,Cross,Within
47,1,Cross,Within
47,1,Cross,Within
47,1,Cross,Within
47,1,Cross,Within
47,1,Cross,Within
47,1,Cross,Within
47,1,Cross,Within
47,0,Cross,Within
47,1,Cross,Within
47,1,Cross,Within
47,1,Cross,Within
47,1,Cross,Within
47,1,Cross,Within
47,1,Cross,Within
47,1,Cross,Within
47,1,Cross,Within
47,1,Cross,Within
47,1,Cross,Within
47,0,Cross,Within
47,1,Cross,Within
47,0,Cross,Within
47,1,Cross,Within
47,1,Cross,Within
47,1,Cross,Within
47,0,Cross,Within
47,0,Cross,Within
47,1,Cross,Within
47,1,Cross,Within
47,1,Cross,Within
47,1,Cross,Within
47,0,Cross,Within
48,1,Cross,Within
48,1,Cross,Within
48,0,Cross,Within
48,1,Cross,Within
48,1,Cross,Within
48,0,Cross,Within
48,1,Cross,Within
48,1,Cross,Within
48,1,Cross,Within
48,1,Cross,Within
48,1,Cross,Within
48,1,Cross,Within
48,1,Cross,Within
48,1,Cross,Within
48,0,Cross,Within
48,1,Cross,Within
48,1,Cross,Within
48,1,Cross,Within
48,1,Cross,Within
48,0,Cross,Within
48,1,Cross,Within
48,1,Cross,Within
48,1,Cross,Within
48,1,Cross,Within
48,1,Cross,Within
48,0,Cross,Within
48,1,Cross,Within
48,1,Cross,Within
48,1,Cross,Within
48,1,Cross,Within
48,1,Cross,Within
48,1,Cross,Within
49,1,Cross,Within
49,1,Cross,Within
49,1,Cross,Within
49,0,Cross,Within
49,1,Cross,Within
49,1,Cross,Within
49,1,Cross,Within
49,1,Cross,Within
49,1,Cross,Within
49,1,Cross,Within
49,1,Cross,Within
49,1,Cross,Within
49,1,Cross,Within
49,1,Cross,Within
49,1,Cross,Within
49,1,Cross,Within
49,1,Cross,Within
49,1,Cross,Within
49,1,Cross,Within
49,0,Cross,Within
49,1,Cross,Within
49,0,Cross,Within
49,1,Cross,Within
49,1,Cross,Within
49,1,Cross,Within
49,1,Cross,Within
49,1,Cross,Within
49,1,Cross,Within
49,1,Cross,Within
49,1,Cross,Within
49,1,Cross,Within
49,1,Cross,Within
50,1,Cross,Within
50,0,Cross,Within
50,1,Cross,Within
50,1,Cross,Within
50,1,Cross,Within
50,0,Cross,Within
50,1,Cross,Within
50,1,Cross,Within
50,1,Cross,Within
50,1,Cross,Within
50,1,Cross,Within
50,1,Cross,Within
50,0,Cross,Within
50,1,Cross,Within
50,1,Cross,Within
50,1,Cross,Within
50,0,Cross,Within
50,1,Cross,Within
50,1,Cross,Within
50,0,Cross,Within
50,1,Cross,Within
50,1,Cross,Within
50,1,Cross,Within
50,1,Cross,Within
50,1,Cross,Within
50,1,Cross,Within
50,1,Cross,Within
50,1,Cross,Within
50,1,Cross,Within
50,1,Cross,Within
50,1,Cross,Within
50,1,Cross,Within
51,1,Cross,Within
51,1,Cross,Within
51,1,Cross,Within
51,1,Cross,Within
51,1,Cross,Within
51,0,Cross,Within
51,1,Cross,Within
51,1,Cross,Within
51,1,Cross,Within
51,1,Cross,Within
51,1,Cross,Within
51,1,Cross,Within
51,1,Cross,Within
51,1,Cross,Within
51,1,Cross,Within
51,1,Cross,Within
51,1,Cross,Within
51,1,Cross,Within
51,1,Cross,Within
51,1,Cross,Within
51,1,Cross,Within
51,1,Cross,Within
51,0,Cross,Within
51,0,Cross,Within
51,1,Cross,Within
51,1,Cross,Within
51,1,Cross,Within
51,1,Cross,Within
51,1,Cross,Within
51,1,Cross,Within
51,1,Cross,Within
51,1,Cross,Within
52,1,Cross,Within
52,1,Cross,Within
52,1,Cross,Within
52,1,Cross,Within
52,1,Cross,Within
52,1,Cross,Within
52,1,Cross,Within
52,1,Cross,Within
52,1,Cross,Within
52,1,Cross,Within
52,1,Cross,Within
52,1,Cross,Within
52,1,Cross,Within
52,1,Cross,Within
52,1,Cross,Within
52,1,Cross,Within
52,1,Cross,Within
52,1,Cross,Within
52,1,Cross,Within
52,1,Cross,Within
52,1,Cross,Within
52,1,Cross,Within
52,1,Cross,Within
52,1,Cross,Within
52,1,Cross,Within
52,1,Cross,Within
52,1,Cross,Within
52,1,Cross,Within
52,1,Cross,Within
52,1,Cross,Within
52,1,Cross,Within
52,1,Cross,Within
53,1,Return,Across
53,1,Return,Across
53,0,Return,Across
53,1,Return,Across
53,1,Return,Across
53,1,Return,Across
53,1,Return,Across
53,1,Return,Across
53,1,Return,Across
53,1,Return,Across
53,1,Return,Across
53,1,Return,Across
53,1,Return,Across
53,1,Return,Across
53,1,Return,Across
53,1,Return,Across
53,1,Return,Across
53,0,Return,Across
53,1,Return,Across
53,1,Return,Across
53,1,Return,Across
53,0,Return,Across
53,1,Return,Across
53,1,Return,Across
53,1,Return,Across
53,1,Return,Across
53,1,Return,Across
53,1,Return,Across
53,1,Return,Across
53,1,Return,Across
53,1,Return,Across
53,1,Return,Across
54,1,Return,Across
54,1,Return,Across
54,0,Return,Across
54,1,Return,Across
54,1,Return,Across
54,1,Return,Across
54,1,Return,Across
54,1,Return,Across
54,1,Return,Across
54,1,Return,Across
54,1,Return,Across
54,1,Return,Across
54,1,Return,Across
54,1,Return,Across
54,1,Return,Across
54,1,Return,Across
54,1,Return,Across
54,1,Return,Across
54,1,Return,Across
54,1,Return,Across
54,1,Return,Across
54,1,Return,Across
54,1,Return,Across
54,1,Return,Across
54,1,Return,Across
54,1,Return,Across
54,1,Return,Across
54,1,Return,Across
54,1,Return,Across
54,1,Return,Across
54,1,Return,Across
54,1,Return,Across
55,1,Return,Across
55,1,Return,Across
55,1,Return,Across
55,1,Return,Across
55,1,Return,Across
55,1,Return,Across
55,0,Return,Across
55,1,Return,Across
55,1,Return,Across
55,1,Return,Across
55,1,Return,Across
55,1,Return,Across
55,1,Return,Across
55,1,Return,Across
55,1,Return,Across
55,1,Return,Across
55,1,Return,Across
55,1,Return,Across
55,1,Return,Across
55,1,Return,Across
55,1,Return,Across
55,1,Return,Across
55,1,Return,Across
55,1,Return,Across
55,1,Return,Across
55,1,Return,Across
55,1,Return,Across
55,1,Return,Across
55,1,Return,Across
55,1,Return,Across
55,1,Return,Across
55,1,Return,Across
56,1,Return,Across
56,1,Return,Across
56,1,Return,Across
56,1,Return,Across
56,1,Return,Across
56,1,Return,Across
56,1,Return,Across
56,1,Return,Across
56,1,Return,Across
56,1,Return,Across
56,1,Return,Across
56,1,Return,Across
56,1,Return,Across
56,1,Return,Across
56,1,Return,Across
56,1,Return,Across
56,1,Return,Across
56,1,Return,Across
56,1,Return,Across
56,1,Return,Across
56,1,Return,Across
56,0,Return,Across
56,1,Return,Across
56,1,Return,Across
56,1,Return,Across
56,1,Return,Across
56,1,Return,Across
56,1,Return,Across
56,1,Return,Across
56,1,Return,Across
56,1,Return,Across
56,1,Return,Across
57,1,Return,Across
57,1,Return,Across
57,1,Return,Across
57,1,Return,Across
57,1,Return,Across
57,1,Return,Across
57,1,Return,Across
57,1,Return,Across
57,1,Return,Across
57,1,Return,Across
57,1,Return,Across
57,1,Return,Across
57,1,Return,Across
57,1,Return,Across
57,1,Return,Across
57,1,Return,Across
57,1,Return,Across
57,1,Return,Across
57,1,Return,Across
57,1,Return,Across
57,1,Return,Across
57,1,Return,Across
57,1,Return,Across
57,1,Return,Across
57,1,Return,Across
57,0,Return,Across
57,0,Return,Across
57,1,Return,Across
57,0,Return,Across
57,0,Return,Across
57,1,Return,Across
57,1,Return,Across
58,1,Return,Across
58,1,Return,Across
58,1,Return,Across
58,1,Return,Across
58,1,Return,Across
58,1,Return,Across
58,0,Return,Across
58,1,Return,Across
58,1,Return,Across
58,1,Return,Across
58,1,Return,Across
58,1,Return,Across
58,1,Return,Across
58,1,Return,Across
58,1,Return,Across
58,1,Return,Across
58,1,Return,Across
58,1,Return,Across
58,1,Return,Across
58,1,Return,Across
58,1,Return,Across
58,1,Return,Across
58,1,Return,Across
58,1,Return,Across
58,1,Return,Across
58,1,Return,Across
58,1,Return,Across
58,1,Return,Across
58,1,Return,Across
58,1,Return,Across
58,1,Return,Across
58,1,Return,Across
59,1,Return,Across
59,1,Return,Across
59,1,Return,Across
59,1,Return,Across
59,0,Return,Across
59,0,Return,Across
59,1,Return,Across
59,1,Return,Across
59,1,Return,Across
59,0,Return,Across
59,1,Return,Across
59,1,Return,Across
59,1,Return,Across
59,1,Return,Across
59,1,Return,Across
59,1,Return,Across
59,1,Return,Across
59,1,Return,Across
59,1,Return,Across
59,1,Return,Across
59,1,Return,Across
59,1,Return,Across
59,1,Return,Across
59,1,Return,Across
59,1,Return,Across
59,1,Return,Across
59,1,Return,Across
59,1,Return,Across
59,1,Return,Across
59,1,Return,Across
59,1,Return,Across
59,1,Return,Across
60,1,Return,Across
60,1,Return,Across
60,1,Return,Across
60,1,Return,Across
60,1,Return,Across
60,1,Return,Across
60,1,Return,Across
60,1,Return,Across
60,1,Return,Across
60,1,Return,Across
60,0,Return,Across
60,1,Return,Across
60,1,Return,Across
60,1,Return,Across
60,1,Return,Across
60,1,Return,Across
60,1,Return,Across
60,1,Return,Across
60,0,Return,Across
60,0,Return,Across
60,1,Return,Across
60,1,Return,Across
60,1,Return,Across
60,1,Return,Across
60,1,Return,Across
60,1,Return,Across
60,0,Return,Across
60,1,Return,Across
60,1,Return,Across
60,1,Return,Across
60,1,Return,Across
60,1,Return,Across
61,1,Return,Across
61,1,Return,Across
61,1,Return,Across
61,1,Return,Across
61,1,Return,Across
61,1,Return,Across
61,1,Return,Across
61,1,Return,Across
61,1,Return,Across
61,1,Return,Across
61,1,Return,Across
61,1,Return,Across
61,1,Return,Across
61,1,Return,Across
61,1,Return,Across
61,1,Return,Across
61,1,Return,Across
61,1,Return,Across
61,0,Return,Across
61,1,Return,Across
61,1,Return,Across
61,1,Return,Across
61,1,Return,Across
61,1,Return,Across
61,1,Return,Across
61,1,Return,Across
61,1,Return,Across
61,1,Return,Across
61,1,Return,Across
61,1,Return,Across
61,1,Return,Across
61,1,Return,Across
62,1,Return,Across
62,1,Return,Across
62,1,Return,Across
62,1,Return,Across
62,1,Return,Across
62,0,Return,Across
62,1,Return,Across
62,1,Return,Across
62,1,Return,Across
62,1,Return,Across
62,1,Return,Across
62,1,Return,Across
62,1,Return,Across
62,1,Return,Across
62,1,Return,Across
62,1,Return,Across
62,1,Return,Across
62,1,Return,Across
62,1,Return,Across
62,1,Return,Across
62,1,Return,Across
62,1,Return,Across
62,1,Return,Across
62,1,Return,Across
62,1,Return,Across
62,1,Return,Across
62,1,Return,Across
62,1,Return,Across
62,1,Return,Across
62,1,Return,Across
62,1,Return,Across
62,1,Return,Across
63,0,Return,Across
63,1,Return,Across
63,1,Return,Across
63,1,Return,Across
63,0,Return,Across
63,1,Return,Across
63,1,Return,Across
63,1,Return,Across
63,1,Return,Across
63,1,Return,Across
63,1,Return,Across
63,1,Return,Across
63,1,Return,Across
63,1,Return,Across
63,0,Return,Across
63,1,Return,Across
63,1,Return,Across
63,0,Return,Across
63,1,Return,Across
63,1,Return,Across
63,1,Return,Across
63,1,Return,Across
63,0,Return,Across
63,1,Return,Across
63,0,Return,Across
63,1,Return,Across
63,0,Return,Across
63,1,Return,Across
63,1,Return,Across
63,0,Return,Across
63,1,Return,Across
63,0,Return,Across
64,1,Return,Across
64,1,Return,Across
64,1,Return,Across
64,1,Return,Across
64,1,Return,Across
64,0,Return,Across
64,1,Return,Across
64,1,Return,Across
64,1,Return,Across
64,1,Return,Across
64,1,Return,Across
64,1,Return,Across
64,1,Return,Across
64,1,Return,Across
64,1,Return,Across
64,1,Return,Across
64,1,Return,Across
64,1,Return,Across
64,1,Return,Across
64,1,Return,Across
64,1,Return,Across
64,0,Return,Across
64,1,Return,Across
64,1,Return,Across
64,1,Return,Across
64,1,Return,Across
64,1,Return,Across
64,1,Return,Across
64,1,Return,Across
64,0,Return,Across
64,1,Return,Across
64,1,Return,Across
65,1,Return,Across
65,1,Return,Across
65,1,Return,Across
65,1,Return,Across
65,1,Return,Across
65,1,Return,Across
65,1,Return,Across
65,1,Return,Across
65,1,Return,Across
65,1,Return,Across
65,1,Return,Across
65,1,Return,Across
65,1,Return,Across
65,1,Return,Across
65,1,Return,Across
65,1,Return,Across
65,1,Return,Across
65,1,Return,Across
65,1,Return,Across
65,1,Return,Across
65,1,Return,Across
65,1,Return,Across
65,1,Return,Across
65,0,Return,Across
65,1,Return,Across
65,1,Return,Across
65,1,Return,Across
65,1,Return,Across
65,1,Return,Across
65,1,Return,Across
65,1,Return,Across
65,1,Return,Across
66,1,Return,Across
66,1,Return,Across
66,1,Return,Across
66,1,Return,Across
66,1,Return,Across
66,1,Return,Across
66,1,Return,Across
66,1,Return,Across
66,1,Return,Across
66,1,Return,Across
66,1,Return,Across
66,1,Return,Across
66,1,Return,Across
66,1,Return,Across
66,1,Return,Across
66,1,Return,Across
66,1,Return,Across
66,1,Return,Across
66,1,Return,Across
66,1,Return,Across
66,1,Return,Across
66,1,Return,Across
66,1,Return,Across
66,1,Return,Across
66,1,Return,Across
66,1,Return,Across
66,1,Return,Across
66,1,Return,Across
66,1,Return,Across
66,1,Return,Across
66,1,Return,Across
66,1,Return,Across
67,1,Return,Across
67,1,Return,Across
67,1,Return,Across
67,1,Return,Across
67,1,Return,Across
67,1,Return,Across
67,1,Return,Across
67,1,Return,Across
67,1,Return,Across
67,1,Return,Across
67,1,Return,Across
67,1,Return,Across
67,1,Return,Across
67,1,Return,Across
67,1,Return,Across
67,1,Return,Across
67,0,Return,Across
67,1,Return,Across
67,1,Return,Across
67,1,Return,Across
67,1,Return,Across
67,1,Return,Across
67,1,Return,Across
67,1,Return,Across
67,1,Return,Across
67,1,Return,Across
67,1,Return,Across
67,1,Return,Across
67,1,Return,Across
67,1,Return,Across
67,1,Return,Across
67,1,Return,Across
68,1,Return,Across
68,1,Return,Across
68,0,Return,Across
68,1,Return,Across
68,0,Return,Across
68,1,Return,Across
68,1,Return,Across
68,0,Return,Across
68,1,Return,Across
68,1,Return,Across
68,1,Return,Across
68,1,Return,Across
68,1,Return,Across
68,1,Return,Across
68,1,Return,Across
68,1,Return,Across
68,1,Return,Across
68,1,Return,Across
68,1,Return,Across
68,1,Return,Across
68,1,Return,Across
68,1,Return,Across
68,0,Return,Across
68,1,Return,Across
68,1,Return,Across
68,1,Return,Across
68,1,Return,Across
68,1,Return,Across
68,1,Return,Across
68,1,Return,Across
68,1,Return,Across
68,1,Return,Across
69,1,Return,Across
69,1,Return,Across
69,1,Return,Across
69,1,Return,Across
69,1,Return,Across
69,1,Return,Across
69,1,Return,Across
69,1,Return,Across
69,1,Return,Across
69,1,Return,Across
69,1,Return,Across
69,1,Return,Across
69,1,Return,Across
69,1,Return,Across
69,1,Return,Across
69,1,Return,Across
69,0,Return,Across
69,1,Return,Across
69,1,Return,Across
69,1,Return,Across
69,1,Return,Across
69,0,Return,Across
69,1,Return,Across
69,1,Return,Across
69,1,Return,Across
69,0,Return,Across
69,1,Return,Across
69,1,Return,Across
69,1,Return,Across
69,1,Return,Across
69,1,Return,Across
69,0,Return,Across
70,1,Return,Across
70,1,Return,Across
70,1,Return,Across
70,1,Return,Across
70,1,Return,Across
70,1,Return,Across
70,1,Return,Across
70,1,Return,Across
70,0,Return,Across
70,1,Return,Across
70,1,Return,Across
70,1,Return,Across
70,1,Return,Across
70,1,Return,Across
70,0,Return,Across
70,1,Return,Across
70,1,Return,Across
70,1,Return,Across
70,1,Return,Across
70,1,Return,Across
70,1,Return,Across
70,0,Return,Across
70,1,Return,Across
70,1,Return,Across
70,1,Return,Across
70,1,Return,Across
70,1,Return,Across
70,0,Return,Across
70,1,Return,Across
70,0,Return,Across
70,1,Return,Across
70,1,Return,Across
71,1,Return,Across
71,1,Return,Across
71,1,Return,Across
71,1,Return,Across
71,1,Return,Across
71,1,Return,Across
71,1,Return,Across
71,1,Return,Across
71,1,Return,Across
71,1,Return,Across
71,1,Return,Across
71,1,Return,Across
71,1,Return,Across
71,1,Return,Across
71,1,Return,Across
71,1,Return,Across
71,1,Return,Across
71,1,Return,Across
71,1,Return,Across
71,1,Return,Across
71,1,Return,Across
71,1,Return,Across
71,1,Return,Across
71,1,Return,Across
71,1,Return,Across
71,1,Return,Across
71,1,Return,Across
71,1,Return,Across
71,1,Return,Across
71,1,Return,Across
71,1,Return,Across
71,1,Return,Across
72,1,Return,Across
72,1,Return,Across
72,1,Return,Across
72,1,Return,Across
72,1,Return,Across
72,1,Return,Across
72,1,Return,Across
72,1,Return,Across
72,1,Return,Across
72,1,Return,Across
72,1,Return,Across
72,1,Return,Across
72,1,Return,Across
72,1,Return,Across
72,1,Return,Across
72,1,Return,Across
72,1,Return,Across
72,1,Return,Across
72,1,Return,Across
72,1,Return,Across
72,1,Return,Across
72,1,Return,Across
72,1,Return,Across
72,1,Return,Across
72,1,Return,Across
72,1,Return,Across
72,1,Return,Across
72,1,Return,Across
72,1,Return,Across
72,1,Return,Across
72,1,Return,Across
72,1,Return,Across
73,0,Return,Across
73,1,Return,Across
73,1,Return,Across
73,1,Return,Across
73,1,Return,Across
73,0,Return,Across
73,1,Return,Across
73,1,Return,Across
73,1,Return,Across
73,1,Return,Across
73,1,Return,Across
73,1,Return,Across
73,1,Return,Across
73,1,Return,Across
73,1,Return,Across
73,0,Return,Across
73,1,Return,Across
73,1,Return,Across
73,1,Return,Across
73,1,Return,Across
73,1,Return,Across
73,1,Return,Across
73,1,Return,Across
73,1,Return,Across
73,1,Return,Across
73,1,Return,Across
73,1,Return,Across
73,1,Return,Across
73,1,Return,Across
73,1,Return,Across
73,1,Return,Across
73,1,Return,Across
74,1,Return,Across
74,0,Return,Across
74,1,Return,Across
74,1,Return,Across
74,1,Return,Across
74,1,Return,Across
74,1,Return,Across
74,1,Return,Across
74,1,Return,Across
74,1,Return,Across
74,1,Return,Across
74,1,Return,Across
74,1,Return,Across
74,1,Return,Across
74,1,Return,Across
74,1,Return,Across
74,1,Return,Across
74,1,Return,Across
74,1,Return,Across
74,1,Return,Across
74,1,Return,Across
74,1,Return,Across
74,1,Return,Across
74,1,Return,Across
74,1,Return,Across
74,1,Return,Across
74,1,Return,Across
74,1,Return,Across
74,1,Return,Across
74,1,Return,Across
74,1,Return,Across
74,1,Return,Across
75,1,Return,Across
75,1,Return,Across
75,1,Return,Across
75,1,Return,Across
75,1,Return,Across
75,1,Return,Across
75,1,Return,Across
75,1,Return,Across
75,1,Return,Across
75,1,Return,Across
75,1,Return,Across
75,1,Return,Across
75,1,Return,Across
75,1,Return,Across
75,1,Return,Across
75,1,Return,Across
75,1,Return,Across
75,1,Return,Across
75,1,Return,Across
75,1,Return,Across
75,0,Return,Across
75,1,Return,Across
75,1,Return,Across
75,1,Return,Across
75,1,Return,Across
75,1,Return,Across
75,1,Return,Across
75,1,Return,Across
75,1,Return,Across
75,1,Return,Across
75,1,Return,Across
75,1,Return,Across
76,1,Return,Across
76,0,Return,Across
76,1,Return,Across
76,0,Return,Across
76,0,Return,Across
76,1,Return,Across
76,1,Return,Across
76,0,Return,Across
76,1,Return,Across
76,1,Return,Across
76,1,Return,Across
76,1,Return,Across
76,1,Return,Across
76,1,Return,Across
76,0,Return,Across
76,1,Return,Across
76,1,Return,Across
76,1,Return,Across
76,0,Return,Across
76,1,Return,Across
76,0,Return,Across
76,1,Return,Across
76,1,Return,Across
76,1,Return,Across
76,1,Return,Across
76,1,Return,Across
76,1,Return,Across
76,1,Return,Across
76,1,Return,Across
76,1,Return,Across
76,1,Return,Across
76,1,Return,Across
77,1,Return,Within
77,1,Return,Within
77,1,Return,Within
77,1,Return,Within
77,1,Return,Within
77,1,Return,Within
77,1,Return,Within
77,1,Return,Within
77,1,Return,Within
77,1,Return,Within
77,1,Return,Within
77,1,Return,Within
77,1,Return,Within
77,1,Return,Within
77,1,Return,Within
77,1,Return,Within
77,1,Return,Within
77,1,Return,Within
77,1,Return,Within
77,1,Return,Within
77,1,Return,Within
77,1,Return,Within
77,1,Return,Within
77,1,Return,Within
77,0,Return,Within
77,1,Return,Within
77,1,Return,Within
77,1,Return,Within
77,1,Return,Within
77,1,Return,Within
77,1,Return,Within
77,1,Return,Within
78,1,Return,Within
78,1,Return,Within
78,1,Return,Within
78,1,Return,Within
78,1,Return,Within
78,1,Return,Within
78,1,Return,Within
78,1,Return,Within
78,1,Return,Within
78,1,Return,Within
78,1,Return,Within
78,1,Return,Within
78,1,Return,Within
78,1,Return,Within
78,1,Return,Within
78,1,Return,Within
78,1,Return,Within
78,1,Return,Within
78,1,Return,Within
78,1,Return,Within
78,1,Return,Within
78,1,Return,Within
78,1,Return,Within
78,1,Return,Within
78,1,Return,Within
78,1,Return,Within
78,1,Return,Within
78,1,Return,Within
78,1,Return,Within
78,1,Return,Within
78,1,Return,Within
78,1,Return,Within
79,1,Return,Within
79,1,Return,Within
79,1,Return,Within
79,1,Return,Within
79,1,Return,Within
79,1,Return,Within
79,1,Return,Within
79,1,Return,Within
79,1,Return,Within
79,1,Return,Within
79,0,Return,Within
79,1,Return,Within
79,1,Return,Within
79,1,Return,Within
79,1,Return,Within
79,1,Return,Within
79,1,Return,Within
79,1,Return,Within
79,1,Return,Within
79,1,Return,Within
79,1,Return,Within
79,1,Return,Within
79,1,Return,Within
79,1,Return,Within
79,1,Return,Within
79,1,Return,Within
79,1,Return,Within
79,1,Return,Within
79,1,Return,Within
79,1,Return,Within
79,1,Return,Within
79,1,Return,Within
80,1,Return,Within
80,0,Return,Within
80,1,Return,Within
80,1,Return,Within
80,1,Return,Within
80,1,Return,Within
80,0,Return,Within
80,1,Return,Within
80,0,Return,Within
80,1,Return,Within
80,0,Return,Within
80,1,Return,Within
80,1,Return,Within
80,1,Return,Within
80,1,Return,Within
80,1,Return,Within
80,1,Return,Within
80,1,Return,Within
80,1,Return,Within
80,1,Return,Within
80,1,Return,Within
80,1,Return,Within
80,1,Return,Within
80,1,Return,Within
80,1,Return,Within
80,0,Return,Within
80,1,Return,Within
80,1,Return,Within
80,1,Return,Within
80,1,Return,Within
80,1,Return,Within
80,1,Return,Within
81,0,Return,Within
81,0,Return,Within
81,1,Return,Within
81,1,Return,Within
81,0,Return,Within
81,1,Return,Within
81,1,Return,Within
81,1,Return,Within
81,0,Return,Within
81,1,Return,Within
81,1,Return,Within
81,1,Return,Within
81,0,Return,Within
81,1,Return,Within
81,1,Return,Within
81,1,Return,Within
81,1,Return,Within
81,1,Return,Within
81,1,Return,Within
81,1,Return,Within
81,1,Return,Within
81,1,Return,Within
81,1,Return,Within
81,1,Return,Within
81,1,Return,Within
81,0,Return,Within
81,0,Return,Within
81,1,Return,Within
81,0,Return,Within
81,1,Return,Within
81,1,Return,Within
81,1,Return,Within
82,1,Return,Within
82,1,Return,Within
82,1,Return,Within
82,1,Return,Within
82,1,Return,Within
82,1,Return,Within
82,1,Return,Within
82,1,Return,Within
82,1,Return,Within
82,1,Return,Within
82,1,Return,Within
82,1,Return,Within
82,0,Return,Within
82,1,Return,Within
82,1,Return,Within
82,1,Return,Within
82,1,Return,Within
82,1,Return,Within
82,1,Return,Within
82,0,Return,Within
82,1,Return,Within
82,1,Return,Within
82,1,Return,Within
82,1,Return,Within
82,1,Return,Within
82,1,Return,Within
82,1,Return,Within
82,1,Return,Within
82,1,Return,Within
82,1,Return,Within
82,1,Return,Within
82,1,Return,Within
83,1,Return,Within
83,1,Return,Within
83,1,Return,Within
83,1,Return,Within
83,1,Return,Within
83,1,Return,Within
83,1,Return,Within
83,1,Return,Within
83,1,Return,Within
83,1,Return,Within
83,1,Return,Within
83,1,Return,Within
83,1,Return,Within
83,1,Return,Within
83,1,Return,Within
83,1,Return,Within
83,1,Return,Within
83,1,Return,Within
83,1,Return,Within
83,1,Return,Within
83,1,Return,Within
83,1,Return,Within
83,1,Return,Within
83,0,Return,Within
83,1,Return,Within
83,1,Return,Within
83,1,Return,Within
83,1,Return,Within
83,1,Return,Within
83,1,Return,Within
83,1,Return,Within
83,1,Return,Within
84,1,Return,Within
84,1,Return,Within
84,1,Return,Within
84,1,Return,Within
84,1,Return,Within
84,1,Return,Within
84,0,Return,Within
84,1,Return,Within
84,0,Return,Within
84,1,Return,Within
84,1,Return,Within
84,0,Return,Within
84,1,Return,Within
84,1,Return,Within
84,1,Return,Within
84,1,Return,Within
84,1,Return,Within
84,1,Return,Within
84,1,Return,Within
84,1,Return,Within
84,1,Return,Within
84,1,Return,Within
84,1,Return,Within
84,1,Return,Within
84,1,Return,Within
84,0,Return,Within
84,0,Return,Within
84,1,Return,Within
84,1,Return,Within
84,1,Return,Within
84,1,Return,Within
84,1,Return,Within
85,1,Return,Within
85,1,Return,Within
85,1,Return,Within
85,1,Return,Within
85,1,Return,Within
85,1,Return,Within
85,0,Return,Within
85,1,Return,Within
85,1,Return,Within
85,1,Return,Within
85,1,Return,Within
85,1,Return,Within
85,1,Return,Within
85,1,Return,Within
85,1,Return,Within
85,1,Return,Within
85,1,Return,Within
85,1,Return,Within
85,1,Return,Within
85,1,Return,Within
85,1,Return,Within
85,1,Return,Within
85,1,Return,Within
85,1,Return,Within
85,1,Return,Within
85,1,Return,Within
85,1,Return,Within
85,1,Return,Within
85,1,Return,Within
85,1,Return,Within
85,1,Return,Within
85,1,Return,Within
86,1,Return,Within
86,1,Return,Within
86,1,Return,Within
86,1,Return,Within
86,1,Return,Within
86,1,Return,Within
86,1,Return,Within
86,1,Return,Within
86,0,Return,Within
86,1,Return,Within
86,1,Return,Within
86,1,Return,Within
86,1,Return,Within
86,1,Return,Within
86,1,Return,Within
86,1,Return,Within
86,1,Return,Within
86,1,Return,Within
86,1,Return,Within
86,1,Return,Within
86,1,Return,Within
86,1,Return,Within
86,1,Return,Within
86,1,Return,Within
86,1,Return,Within
86,1,Return,Within
86,1,Return,Within
86,1,Return,Within
86,1,Return,Within
86,1,Return,Within
86,1,Return,Within
86,1,Return,Within
87,1,Return,Within
87,0,Return,Within
87,1,Return,Within
87,0,Return,Within
87,1,Return,Within
87,1,Return,Within
87,1,Return,Within
87,1,Return,Within
87,1,Return,Within
87,1,Return,Within
87,1,Return,Within
87,1,Return,Within
87,1,Return,Within
87,0,Return,Within
87,0,Return,Within
87,1,Return,Within
87,1,Return,Within
87,1,Return,Within
87,1,Return,Within
87,1,Return,Within
87,1,Return,Within
87,1,Return,Within
87,1,Return,Within
87,1,Return,Within
87,0,Return,Within
87,1,Return,Within
87,1,Return,Within
87,1,Return,Within
87,0,Return,Within
87,0,Return,Within
87,1,Return,Within
87,1,Return,Within
88,1,Return,Within
88,1,Return,Within
88,1,Return,Within
88,1,Return,Within
88,1,Return,Within
88,1,Return,Within
88,1,Return,Within
88,0,Return,Within
88,1,Return,Within
88,1,Return,Within
88,1,Return,Within
88,1,Return,Within
88,1,Return,Within
88,1,Return,Within
88,1,Return,Within
88,1,Return,Within
88,1,Return,Within
88,1,Return,Within
88,1,Return,Within
88,1,Return,Within
88,1,Return,Within
88,1,Return,Within
88,1,Return,Within
88,1,Return,Within
88,1,Return,Within
88,1,Return,Within
88,1,Return,Within
88,1,Return,Within
88,0,Return,Within
88,1,Return,Within
88,1,Return,Within
88,1,Return,Within
89,1,Return,Within
89,0,Return,Within
89,0,Return,Within
89,1,Return,Within
89,0,Return,Within
89,1,Return,Within
89,1,Return,Within
89,1,Return,Within
89,1,Return,Within
89,0,Return,Within
89,1,Return,Within
89,1,Return,Within
89,1,Return,Within
89,1,Return,Within
89,1,Return,Within
89,1,Return,Within
89,1,Return,Within
89,1,Return,Within
89,1,Return,Within
89,1,Return,Within
89,1,Return,Within
89,1,Return,Within
89,1,Return,Within
89,1,Return,Within
89,1,Return,Within
89,1,Return,Within
89,1,Return,Within
89,1,Return,Within
89,1,Return,Within
89,1,Return,Within
89,1,Return,Within
89,1,Return,Within
90,1,Return,Within
90,1,Return,Within
90,1,Return,Within
90,1,Return,Within
90,1,Return,Within
90,0,Return,Within
90,1,Return,Within
90,1,Return,Within
90,1,Return,Within
90,1,Return,Within
90,1,Return,Within
90,1,Return,Within
90,1,Return,Within
90,1,Return,Within
90,1,Return,Within
90,1,Return,Within
90,1,Return,Within
90,1,Return,Within
90,1,Return,Within
90,1,Return,Within
90,1,Return,Within
90,1,Return,Within
90,1,Return,Within
90,1,Return,Within
90,1,Return,Within
90,1,Return,Within
90,1,Return,Within
90,1,Return,Within
90,1,Return,Within
90,1,Return,Within
90,1,Return,Within
90,1,Return,Within
91,0,Return,Within
91,1,Return,Within
91,1,Return,Within
91,1,Return,Within
91,1,Return,Within
91,1,Return,Within
91,1,Return,Within
91,1,Return,Within
91,1,Return,Within
91,1,Return,Within
91,1,Return,Within
91,1,Return,Within
91,1,Return,Within
91,1,Return,Within
91,0,Return,Within
91,1,Return,Within
91,1,Return,Within
91,1,Return,Within
91,1,Return,Within
91,1,Return,Within
91,1,Return,Within
91,1,Return,Within
91,1,Return,Within
91,1,Return,Within
91,1,Return,Within
91,1,Return,Within
91,1,Return,Within
91,1,Return,Within
91,1,Return,Within
91,1,Return,Within
91,1,Return,Within
91,1,Return,Within
92,1,Return,Within
92,1,Return,Within
92,1,Return,Within
92,1,Return,Within
92,1,Return,Within
92,1,Return,Within
92,1,Return,Within
92,1,Return,Within
92,1,Return,Within
92,1,Return,Within
92,1,Return,Within
92,1,Return,Within
92,1,Return,Within
92,1,Return,Within
92,1,Return,Within
92,1,Return,Within
92,1,Return,Within
92,0,Return,Within
92,1,Return,Within
92,1,Return,Within
92,1,Return,Within
92,1,Return,Within
92,1,Return,Within
92,1,Return,Within
92,1,Return,Within
92,1,Return,Within
92,1,Return,Within
92,1,Return,Within
92,1,Return,Within
92,1,Return,Within
92,1,Return,Within
92,0,Return,Within
93,1,Return,Within
93,1,Return,Within
93,1,Return,Within
93,1,Return,Within
93,1,Return,Within
93,1,Return,Within
93,1,Return,Within
93,1,Return,Within
93,1,Return,Within
93,1,Return,Within
93,1,Return,Within
93,1,Return,Within
93,1,Return,Within
93,1,Return,Within
93,1,Return,Within
93,1,Return,Within
93,1,Return,Within
93,1,Return,Within
93,1,Return,Within
93,1,Return,Within
93,1,Return,Within
93,1,Return,Within
93,1,Return,Within
93,1,Return,Within
93,1,Return,Within
93,1,Return,Within
93,1,Return,Within
93,1,Return,Within
93,1,Return,Within
93,1,Return,Within
93,1,Return,Within
93,1,Return,Within
94,1,Return,Within
94,0,Return,Within
94,1,Return,Within
94,1,Return,Within
94,1,Return,Within
94,1,Return,Within
94,1,Return,Within
94,0,Return,Within
94,1,Return,Within
94,1,Return,Within
94,1,Return,Within
94,1,Return,Within
94,1,Return,Within
94,1,Return,Within
94,1,Return,Within
94,1,Return,Within
94,1,Return,Within
94,1,Return,Within
94,0,Return,Within
94,1,Return,Within
94,1,Return,Within
94,1,Return,Within
94,1,Return,Within
94,1,Return,Within
94,1,Return,Within
94,1,Return,Within
94,1,Return,Within
94,1,Return,Within
94,1,Return,Within
94,1,Return,Within
94,1,Return,Within
94,0,Return,Within
95,1,Return,Within
95,1,Return,Within
95,0,Return,Within
95,0,Return,Within
95,0,Return,Within
95,1,Return,Within
95,1,Return,Within
95,0,Return,Within
95,1,Return,Within
95,1,Return,Within
95,1,Return,Within
95,1,Return,Within
95,1,Return,Within
95,0,Return,Within
95,0,Return,Within
95,1,Return,Within
95,1,Return,Within
95,1,Return,Within
95,1,Return,Within
95,1,Return,Within
95,1,Return,Within
95,1,Return,Within
95,1,Return,Within
95,0,Return,Within
95,0,Return,Within
95,0,Return,Within
95,1,Return,Within
95,1,Return,Within
95,1,Return,Within
95,1,Return,Within
95,1,Return,Within
95,1,Return,Within
96,1,Return,Within
96,1,Return,Within
96,0,Return,Within
96,1,Return,Within
96,1,Return,Within
96,1,Return,Within
96,0,Return,Within
96,1,Return,Within
96,1,Return,Within
96,1,Return,Within
96,1,Return,Within
96,1,Return,Within
96,1,Return,Within
96,0,Return,Within
96,1,Return,Within
96,0,Return,Within
96,1,Return,Within
96,1,Return,Within
96,1,Return,Within
96,0,Return,Within
96,1,Return,Within
96,1,Return,Within
96,1,Return,Within
96,1,Return,Within
96,1,Return,Within
96,1,Return,Within
96,1,Return,Within
96,1,Return,Within
96,1,Return,Within
96,1,Return,Within
96,1,Return,Within
96,1,Return,Within
97,1,Return,Within
97,1,Return,Within
97,1,Return,Within
97,1,Return,Within
97,0,Return,Within
97,1,Return,Within
97,1,Return,Within
97,1,Return,Within
97,1,Return,Within
97,1,Return,Within
97,0,Return,Within
97,1,Return,Within
97,1,Return,Within
97,1,Return,Within
97,1,Return,Within
97,1,Return,Within
97,1,Return,Within
97,1,Return,Within
97,1,Return,Within
97,1,Return,Within
97,0,Return,Within
97,1,Return,Within
97,1,Return,Within
97,1,Return,Within
97,1,Return,Within
97,1,Return,Within
97,1,Return,Within
97,1,Return,Within
97,1,Return,Within
97,1,Return,Within
97,1,Return,Within
97,1,Return,Within
98,1,Return,Within
98,1,Return,Within
98,1,Return,Within
98,1,Return,Within
98,0,Return,Within
98,1,Return,Within
98,0,Return,Within
98,1,Return,Within
98,1,Return,Within
98,0,Return,Within
98,1,Return,Within
98,1,Return,Within
98,1,Return,Within
98,0,Return,Within
98,0,Return,Within
98,1,Return,Within
98,1,Return,Within
98,0,Return,Within
98,1,Return,Within
98,1,Return,Within
98,0,Return,Within
98,0,Return,Within
98,1,Return,Within
98,1,Return,Within
98,1,Return,Within
98,0,Return,Within
98,0,Return,Within
98,0,Return,Within
98,1,Return,Within
98,1,Return,Within
98,0,Return,Within
98,1,Return,Within
99,1,Return,Within
99,1,Return,Within
99,1,Return,Within
99,1,Return,Within
99,1,Return,Within
99,1,Return,Within
99,1,Return,Within
99,1,Return,Within
99,1,Return,Within
99,1,Return,Within
99,1,Return,Within
99,1,Return,Within
99,1,Return,Within
99,1,Return,Within
99,1,Return,Within
99,1,Return,Within
99,1,Return,Within
99,1,Return,Within
99,1,Return,Within
99,1,Return,Within
99,0,Return,Within
99,1,Return,Within
99,1,Return,Within
99,1,Return,Within
99,1,Return,Within
99,1,Return,Within
99,1,Return,Within
99,1,Return,Within
99,1,Return,Within
99,1,Return,Within
99,1,Return,Within
99,1,Return,Within
100,0,Return,Within
100,1,Return,Within
100,1,Return,Within
100,1,Return,Within
100,1,Return,Within
100,1,Return,Within
100,1,Return,Within
100,1,Return,Within
100,1,Return,Within
100,1,Return,Within
100,1,Return,Within
100,1,Return,Within
100,1,Return,Within
100,1,Return,Within
100,1,Return,Within
100,1,Return,Within
100,1,Return,Within
100,0,Return,Within
100,1,Return,Within
100,1,Return,Within
100,0,Return,Within
100,1,Return,Within
100,1,Return,Within
100,1,Return,Within
100,1,Return,Within
100,1,Return,Within
100,1,Return,Within
100,1,Return,Within
100,1,Return,Within
100,1,Return,Within
100,1,Return,Within
100,1,Return,Within