Subject,Accuracy,Condition
1,0,Treatment
1,1,Control
1,0,Control
1,1,Control
1,1,Treatment
1,1,Control
1,1,Treatment
1,0,Control
1,1,Treatment
1,1,Treatment
1,0,Treatment
1,1,Treatment
1,1,Treatment
1,0,Control
1,1,Treatment
1,1,Treatment
1,1,Control
1,1,Treatment
1,1,Control
1,0,Control
1,0,Treatment
1,1,Control
1,1,Treatment
1,1,Control
1,1,Control
1,0,Control
1,1,Treatment
1,1,Treatment
1,1,Treatment
1,1,Control
1,1,Control
1,1,Treatment
1,0,Treatment
1,1,Control
1,0,Control
1,0,Treatment
1,1,Control
1,1,Control
1,1,Control
1,1,Control
1,0,Control
1,1,Control
1,1,Treatment
1,1,Control
1,1,Control
1,1,Treatment
1,1,Treatment
1,0,Control
1,1,Treatment
1,1,Control
1,1,Treatment
1,1,Treatment
1,1,Treatment
1,1,Control
1,1,Treatment
1,1,Treatment
1,0,Treatment
1,1,Control
1,1,Treatment
1,0,Control
1,1,Treatment
1,1,Control
1,1,Treatment
1,1,Control
2,0,Control
2,1,Treatment
2,1,Treatment
2,0,Control
2,0,Control
2,1,Treatment
2,0,Treatment
2,0,Control
2,1,Treatment
2,1,Control
2,1,Control
2,1,Control
2,0,Treatment
2,0,Control
2,0,Treatment
2,1,Treatment
2,0,Control
2,1,Treatment
2,1,Control
2,1,Control
2,1,Treatment
2,0,Control
2,1,Control
2,1,Treatment
2,0,Control
2,1,Treatment
2,0,Control
2,1,Treatment
2,1,Treatment
2,0,Treatment
2,1,Control
2,1,Treatment
2,1,Treatment
2,1,Control
2,1,Treatment
2,1,Control
2,1,Treatment
2,1,Control
2,1,Control
2,1,Treatment
2,1,Treatment
2,1,Treatment
2,1,Treatment
2,1,Control
2,1,Treatment
2,1,Treatment
2,1,Treatment
2,1,Treatment
2,0,Control
2,1,Control
2,1,Treatment
2,0,Control
2,1,Control
2,1,Control
2,1,Control
2,1,Control
2,0,Control
2,1,Treatment
2,1,Control
2,0,Treatment
2,1,Treatment
2,1,Treatment
2,1,Control
2,1,Control
3,0,Treatment
3,1,Control
3,0,Treatment
3,0,Treatment
3,0,Control
3,1,Control
3,1,Control
3,0,Control
3,1,Treatment
3,1,Control
3,1,Treatment
3,0,Control
3,0,Treatment
3,0,Control
3,0,Treatment
3,0,Treatment
3,0,Treatment
3,1,Treatment
3,0,Treatment
3,1,Treatment
3,0,Treatment
3,0,Control
3,1,Treatment
3,1,Control
3,1,Control
3,0,Treatment
3,0,Treatment
3,1,Treatment
3,0,Control
3,1,Control
3,0,Treatment
3,0,Treatment
3,0,Control
3,1,Control
3,1,Control
3,0,Treatment
3,0,Control
3,0,Control
3,0,Control
3,1,Control
3,0,Treatment
3,1,Treatment
3,1,Treatment
3,0,Treatment
3,1,Treatment
3,0,Treatment
3,1,Treatment
3,1,Control
3,0,Control
3,1,Control
3,1,Control
3,1,Treatment
3,1,Control
3,0,Treatment
3,1,Control
3,1,Control
3,0,Control
3,1,Control
3,1,Control
3,1,Treatment
3,1,Control
3,1,Control
3,0,Treatment
3,0,Treatment
4,0,Control
4,1,Control
4,1,Control
4,1,Control
4,1,Control
4,1,Control
4,0,Control
4,1,Treatment
4,1,Control
4,0,Control
4,1,Control
4,1,Treatment
4,1,Control
4,1,Treatment
4,1,Treatment
4,1,Control
4,0,Treatment
4,0,Control
4,1,Treatment
4,1,Control
4,1,Treatment
4,0,Treatment
4,1,Control
4,1,Treatment
4,0,Treatment
4,1,Control
4,0,Treatment
4,1,Control
4,1,Treatment
4,1,Control
4,1,Treatment
4,1,Control
4,1,Control
4,1,Control
4,1,Control
4,1,Treatment
4,1,Control
4,0,Control
4,1,Treatment
4,1,Treatment
4,1,Treatment
4,1,Treatment
4,1,Control
4,0,Treatment
4,1,Control
4,0,Control
4,1,Control
4,1,Treatment
4,0,Control
4,0,Treatment
4,0,Treatment
4,0,Control
4,0,Treatment
4,0,Control
4,1,Treatment
4,1,Treatment
4,0,Control
4,1,Treatment
4,1,Treatment
4,1,Treatment
4,1,Treatment
4,1,Treatment
4,1,Treatment
4,0,Treatment
5,0,Treatment
5,1,Treatment
5,1,Treatment
5,1,Control
5,1,Treatment
5,1,Treatment
5,1,Treatment
5,0,Treatment
5,1,Control
5,1,Control
5,1,Control
5,1,Control
5,1,Control
5,1,Control
5,1,Control
5,1,Control
5,1,Control
5,1,Control
5,1,Treatment
5,1,Control
5,1,Control
5,1,Treatment
5,0,Control
5,1,Control
5,1,Control
5,1,Treatment
5,1,Treatment
5,1,Control
5,1,Control
5,1,Control
5,1,Treatment
5,1,Treatment
5,1,Control
5,1,Treatment
5,1,Control
5,1,Control
5,1,Control
5,1,Treatment
5,1,Treatment
5,1,Treatment
5,1,Treatment
5,1,Treatment
5,0,Treatment
5,1,Treatment
5,0,Control
5,1,Control
5,1,Treatment
5,1,Treatment
5,1,Treatment
5,1,Control
5,1,Control
5,0,Treatment
5,0,Treatment
5,1,Treatment
5,1,Treatment
5,1,Control
5,1,Treatment
5,1,Control
5,1,Treatment
5,1,Control
5,1,Treatment
5,0,Control
5,0,Control
5,1,Treatment
6,1,Control
6,0,Treatment
6,0,Control
6,1,Treatment
6,0,Control
6,0,Treatment
6,1,Treatment
6,0,Control
6,1,Control
6,0,Treatment
6,1,Treatment
6,1,Control
6,0,Treatment
6,1,Treatment
6,1,Control
6,1,Control
6,1,Treatment
6,0,Control
6,1,Treatment
6,1,Control
6,0,Control
6,1,Control
6,1,Control
6,0,Control
6,0,Treatment
6,1,Treatment
6,1,Control
6,0,Control
6,0,Treatment
6,0,Treatment
6,0,Treatment
6,0,Control
6,0,Control
6,1,Control
6,1,Treatment
6,1,Control
6,0,Control
6,0,Treatment
6,1,Treatment
6,1,Control
6,0,Control
6,1,Control
6,1,Control
6,0,Treatment
6,0,Control
6,1,Treatment
6,1,Control
6,0,Treatment
6,1,Control
6,1,Treatment
6,1,Treatment
6,0,Treatment
6,1,Treatment
6,0,Treatment
6,0,Treatment
6,0,Treatment
6,0,Control
6,1,Treatment
6,0,Treatment
6,0,Control
6,0,Control
6,1,Treatment
6,0,Control
6,1,Treatment
7,1,Treatment
7,1,Control
7,1,Treatment
7,1,Control
7,0,Control
7,1,Control
7,1,Control
7,1,Control
7,1,Control
7,1,Treatment
7,1,Control
7,1,Control
7,1,Control
7,0,Control
7,1,Treatment
7,1,Control
7,1,Control
7,1,Treatment
7,1,Control
7,1,Control
7,1,Treatment
7,1,Treatment
7,1,Treatment
7,1,Treatment
7,1,Treatment
7,1,Control
7,1,Treatment
7,1,Control
7,1,Treatment
7,1,Treatment
7,1,Treatment
7,1,Control
7,1,Control
7,1,Treatment
7,1,Treatment
7,1,Treatment
7,1,Treatment
7,1,Treatment
7,0,Control
7,1,Treatment
7,1,Treatment
7,1,Treatment
7,1,Control
7,0,Control
7,1,Control
7,1,Control
7,1,Control
7,1,Treatment
7,1,Treatment
7,1,Treatment
7,0,Treatment
7,1,Treatment
7,1,Treatment
7,1,Control
7,1,Treatment
7,1,Control
7,1,Control
7,1,Control
7,0,Control
7,1,Control
7,1,Treatment
7,1,Control
7,1,Treatment
7,1,Treatment
8,1,Treatment
8,1,Treatment
8,0,Treatment
8,0,Control
8,1,Control
8,0,Control
8,1,Treatment
8,1,Control
8,1,Treatment
8,1,Treatment
8,1,Treatment
8,1,Treatment
8,1,Treatment
8,1,Treatment
8,0,Control
8,1,Control
8,0,Control
8,0,Treatment
8,1,Control
8,1,Control
8,1,Control
8,1,Control
8,1,Treatment
8,1,Treatment
8,0,Treatment
8,1,Treatment
8,0,Control
8,1,Treatment
8,1,Treatment
8,1,Treatment
8,1,Control
8,1,Treatment
8,1,Treatment
8,1,Control
8,1,Control
8,1,Treatment
8,1,Treatment
8,0,Control
8,1,Control
8,0,Treatment
8,1,Treatment
8,1,Control
8,0,Control
8,1,Control
8,0,Control
8,1,Treatment
8,0,Treatment
8,1,Control
8,1,Control
8,0,Treatment
8,1,Treatment
8,1,Treatment
8,1,Control
8,1,Control
8,1,Control
8,0,Control
8,0,Treatment
8,1,Control
8,1,Treatment
8,1,Control
8,0,Treatment
8,1,Control
8,1,Control
8,1,Control
9,1,Treatment
9,1,Control
9,1,Treatment
9,1,Treatment
9,1,Control
9,1,Treatment
9,1,Control
9,0,Treatment
9,1,Treatment
9,1,Control
9,1,Treatment
9,1,Treatment
9,0,Control
9,1,Treatment
9,1,Treatment
9,1,Treatment
9,0,Control
9,1,Control
9,1,Control
9,1,Control
9,0,Control
9,1,Treatment
9,0,Treatment
9,1,Treatment
9,1,Treatment
9,1,Control
9,1,Control
9,1,Treatment
9,1,Treatment
9,1,Control
9,1,Treatment
9,0,Control
9,1,Control
9,1,Treatment
9,1,Control
9,1,Treatment
9,1,Control
9,1,Treatment
9,1,Treatment
9,1,Control
9,1,Control
9,1,Treatment
9,0,Control
9,1,Control
9,1,Control
9,1,Control
9,1,Control
9,1,Control
9,1,Treatment
9,1,Control
9,0,Control
9,1,Treatment
9,1,Treatment
9,1,Treatment
9,1,Treatment
9,1,Control
9,1,Treatment
9,1,Control
9,0,Control
9,1,Control
9,1,Control
9,1,Treatment
9,1,Treatment
9,1,Treatment
10,1,Control
10,1,Control
10,1,Treatment
10,1,Control
10,1,Treatment
10,1,Treatment
10,1,Treatment
10,1,Treatment
10,1,Control
10,0,Treatment
10,1,Treatment
10,1,Treatment
10,1,Control
10,1,Control
10,1,Control
10,1,Control
10,1,Treatment
10,1,Control
10,1,Control
10,0,Control
10,1,Control
10,1,Treatment
10,0,Control
10,0,Control
10,1,Control
10,1,Control
10,1,Control
10,1,Treatment
10,1,Treatment
10,1,Control
10,1,Treatment
10,1,Treatment
10,0,Treatment
10,1,Control
10,1,Treatment
10,1,Treatment
10,1,Control
10,0,Treatment
10,1,Control
10,1,Treatment
10,0,Treatment
10,1,Treatment
10,1,Treatment
10,0,Control
10,1,Treatment
10,1,Treatment
10,1,Control
10,1,Control
10,1,Control
10,1,Treatment
10,1,Treatment
10,1,Treatment
10,1,Treatment
10,1,Treatment
10,1,Treatment
10,0,Control
10,0,Control
10,1,Control
10,1,Treatment
10,1,Control
10,1,Control
10,1,Treatment
10,0,Control
10,1,Control
11,1,Control
11,1,Control
11,1,Control
11,0,Treatment
11,1,Control
11,1,Treatment
11,1,Control
11,0,Control
11,1,Control
11,1,Treatment
11,0,Control
11,1,Treatment
11,1,Treatment
11,1,Treatment
11,1,Control
11,1,Treatment
11,1,Treatment
11,1,Treatment
11,1,Treatment
11,1,Treatment
11,1,Treatment
11,1,Treatment
11,0,Treatment
11,1,Control
11,1,Treatment
11,1,Treatment
11,1,Control
11,1,Control
11,1,Control
11,1,Control
11,1,Control
11,1,Treatment
11,1,Treatment
11,1,Treatment
11,1,Control
11,1,Control
11,1,Treatment
11,0,Control
11,1,Control
11,1,Control
11,1,Treatment
11,1,Treatment
11,1,Treatment
11,0,Treatment
11,1,Control
11,0,Treatment
11,1,Control
11,1,Control
11,0,Treatment
11,1,Treatment
11,0,Control
11,1,Control
11,1,Treatment
11,1,Control
11,1,Treatment
11,1,Treatment
11,1,Treatment
11,1,Control
11,0,Control
11,1,Control
11,1,Control
11,1,Control
11,1,Control
11,1,Treatment
12,0,Control
12,1,Control
12,1,Control
12,0,Control
12,1,Control
12,0,Treatment
12,0,Treatment
12,1,Treatment
12,0,Treatment
12,1,Control
12,0,Treatment
12,1,Treatment
12,1,Treatment
12,1,Control
12,1,Treatment
12,1,Treatment
12,1,Control
12,0,Control
12,1,Control
12,0,Treatment
12,1,Control
12,1,Treatment
12,1,Control
12,0,Treatment
12,1,Treatment
12,1,Control
12,1,Treatment
12,1,Control
12,1,Treatment
12,1,Treatment
12,1,Control
12,0,Treatment
12,1,Treatment
12,0,Control
12,0,Treatment
12,1,Treatment
12,1,Control
12,1,Control
12,1,Control
12,0,Control
12,0,Treatment
12,1,Treatment
12,1,Control
12,1,Treatment
12,1,Control
12,0,Control
12,1,Control
12,1,Control
12,1,Control
12,1,Treatment
12,1,Treatment
12,0,Control
12,0,Treatment
12,0,Control
12,1,Control
12,0,Control
12,1,Treatment
12,1,Treatment
12,0,Treatment
12,1,Treatment
12,1,Treatment
12,1,Control
12,0,Treatment
12,1,Control
13,0,Control
13,1,Treatment
13,1,Control
13,0,Treatment
13,0,Control
13,0,Treatment
13,0,Control
13,1,Control
13,1,Control
13,1,Treatment
13,1,Control
13,1,Control
13,1,Control
13,1,Control
13,1,Treatment
13,0,Control
13,0,Control
13,1,Treatment
13,1,Control
13,0,Treatment
13,0,Treatment
13,0,Treatment
13,1,Control
13,1,Treatment
13,1,Treatment
13,1,Control
13,1,Treatment
13,1,Treatment
13,1,Treatment
13,1,Control
13,1,Treatment
13,1,Control
13,1,Control
13,0,Treatment
13,1,Treatment
13,0,Treatment
13,0,Treatment
13,1,Control
13,0,Control
13,1,Treatment
13,1,Control
13,0,Control
13,1,Control
13,1,Control
13,1,Treatment
13,1,Treatment
13,0,Control
13,0,Control
13,0,Treatment
13,0,Treatment
13,0,Treatment
13,0,Treatment
13,1,Control
13,1,Control
13,1,Control
13,1,Treatment
13,0,Treatment
13,1,Treatment
13,0,Control
13,0,Control
13,1,Treatment
13,0,Control
13,1,Treatment
13,1,Treatment
14,1,Control
14,1,Treatment
14,1,Treatment
14,1,Control
14,1,Control
14,1,Treatment
14,1,Treatment
14,1,Treatment
14,1,Control
14,1,Treatment
14,1,Control
14,1,Treatment
14,1,Treatment
14,1,Control
14,1,Control
14,1,Control
14,1,Control
14,1,Treatment
14,0,Treatment
14,1,Control
14,1,Control
14,1,Control
14,1,Treatment
14,1,Control
14,1,Control
14,1,Control
14,1,Treatment
14,1,Control
14,1,Control
14,1,Treatment
14,1,Control
14,1,Treatment
14,1,Treatment
14,1,Control
14,1,Control
14,1,Treatment
14,1,Treatment
14,1,Control
14,1,Control
14,1,Treatment
14,0,Treatment
14,1,Control
14,0,Treatment
14,1,Treatment
14,1,Treatment
14,1,Control
14,1,Control
14,1,Treatment
14,1,Control
14,1,Treatment
14,1,Control
14,1,Treatment
14,1,Treatment
14,1,Control
14,1,Control
14,1,Treatment
14,1,Treatment
14,1,Treatment
14,1,Treatment
14,1,Treatment
14,1,Treatment
14,1,Control
14,1,Control
14,1,Control
15,1,Treatment
15,1,Treatment
15,0,Control
15,1,Treatment
15,0,Control
15,1,Treatment
15,1,Treatment
15,1,Treatment
15,1,Control
15,1,Control
15,1,Treatment
15,1,Treatment
15,1,Treatment
15,1,Control
15,1,Control
15,1,Control
15,1,Control
15,1,Treatment
15,1,Treatment
15,1,Treatment
15,0,Treatment
15,1,Control
15,1,Control
15,1,Control
15,1,Treatment
15,1,Treatment
15,1,Control
15,1,Treatment
15,1,Treatment
15,1,Control
15,1,Treatment
15,1,Treatment
15,1,Treatment
15,1,Control
15,1,Treatment
15,1,Control
15,1,Control
15,1,Treatment
15,1,Treatment
15,1,Treatment
15,1,Control
15,1,Control
15,1,Treatment
15,1,Treatment
15,1,Control
15,1,Treatment
15,1,Control
15,0,Treatment
15,1,Control
15,1,Treatment
15,1,Control
15,1,Control
15,1,Control
15,0,Treatment
15,1,Control
15,1,Control
15,1,Control
15,1,Control
15,1,Control
15,1,Control
15,1,Control
15,1,Treatment
15,1,Control
15,1,Treatment
16,0,Treatment
16,1,Treatment
16,1,Control
16,1,Control
16,1,Treatment
16,1,Treatment
16,1,Treatment
16,1,Treatment
16,0,Control
16,1,Control
16,0,Control
16,1,Control
16,1,Control
16,1,Control
16,1,Control
16,1,Control
16,1,Treatment
16,1,Treatment
16,1,Control
16,1,Control
16,1,Treatment
16,0,Control
16,1,Control
16,1,Control
16,1,Treatment
16,1,Treatment
16,1,Control
16,1,Treatment
16,1,Control
16,1,Control
16,1,Control
16,1,Control
16,1,Control
16,1,Treatment
16,1,Treatment
16,1,Treatment
16,1,Treatment
16,1,Treatment
16,0,Control
16,1,Treatment
16,0,Control
16,1,Treatment
16,1,Control
16,1,Control
16,1,Treatment
16,1,Treatment
16,1,Treatment
16,1,Treatment
16,1,Treatment
16,0,Treatment
16,1,Control
16,1,Treatment
16,1,Treatment
16,1,Treatment
16,1,Control
16,1,Control
16,1,Treatment
16,0,Control
16,1,Treatment
16,1,Control
16,0,Control
16,1,Treatment
16,1,Treatment
16,1,Control
17,0,Treatment
17,1,Control
17,0,Control
17,1,Treatment
17,0,Control
17,1,Treatment
17,1,Treatment
17,1,Treatment
17,1,Treatment
17,1,Control
17,1,Control
17,1,Treatment
17,0,Control
17,1,Treatment
17,1,Control
17,1,Treatment
17,0,Control
17,1,Control
17,0,Control
17,0,Control
17,1,Treatment
17,0,Treatment
17,1,Control
17,1,Treatment
17,1,Control
17,1,Control
17,1,Treatment
17,1,Treatment
17,1,Treatment
17,1,Treatment
17,0,Control
17,0,Control
17,1,Treatment
17,1,Control
17,1,Control
17,1,Control
17,0,Control
17,1,Control
17,1,Control
17,1,Treatment
17,1,Treatment
17,1,Treatment
17,1,Control
17,1,Treatment
17,1,Treatment
17,0,Treatment
17,1,Control
17,1,Control
17,1,Treatment
17,1,Control
17,1,Treatment
17,1,Treatment
17,1,Treatment
17,1,Control
17,1,Treatment
17,1,Treatment
17,1,Treatment
17,1,Treatment
17,1,Control
17,1,Treatment
17,1,Control
17,1,Control
17,1,Control
17,0,Control
18,0,Treatment
18,1,Control
18,1,Control
18,1,Treatment
18,1,Treatment
18,1,Control
18,1,Treatment
18,1,Treatment
18,1,Control
18,1,Treatment
18,1,Control
18,1,Control
18,1,Control
18,1,Control
18,1,Treatment
18,1,Control
18,0,Control
18,1,Treatment
18,1,Treatment
18,1,Control
18,1,Control
18,1,Control
18,1,Control
18,1,Control
18,1,Treatment
18,1,Treatment
18,1,Treatment
18,1,Control
18,1,Control
18,1,Control
18,1,Treatment
18,1,Control
18,0,Control
18,1,Treatment
18,1,Control
18,1,Treatment
18,1,Treatment
18,0,Treatment
18,1,Treatment
18,0,Control
18,1,Control
18,1,Treatment
18,0,Control
18,1,Treatment
18,1,Treatment
18,1,Control
18,1,Control
18,1,Control
18,1,Treatment
18,1,Treatment
18,1,Control
18,1,Control
18,1,Control
18,1,Treatment
18,1,Control
18,1,Treatment
18,1,Treatment
18,1,Treatment
18,1,Treatment
18,1,Treatment
18,1,Treatment
18,1,Treatment
18,1,Control
18,1,Treatment
19,1,Control
19,1,Control
19,1,Control
19,1,Treatment
19,1,Treatment
19,1,Treatment
19,1,Control
19,1,Treatment
19,1,Treatment
19,1,Control
19,0,Treatment
19,1,Treatment
19,0,Control
19,0,Control
19,1,Treatment
19,0,Treatment
19,1,Treatment
19,0,Control
19,1,Treatment
19,1,Treatment
19,1,Treatment
19,0,Control
19,1,Treatment
19,0,Control
19,1,Treatment
19,1,Treatment
19,1,Control
19,1,Control
19,1,Control
19,0,Treatment
19,1,Control
19,1,Control
19,1,Treatment
19,1,Treatment
19,1,Control
19,0,Control
19,1,Treatment
19,1,Control
19,1,Control
19,1,Treatment
19,1,Treatment
19,0,Control
19,1,Treatment
19,0,Treatment
19,1,Control
19,1,Treatment
19,1,Control
19,1,Treatment
19,0,Control
19,1,Treatment
19,1,Treatment
19,1,Control
19,1,Control
19,1,Control
19,1,Control
19,1,Control
19,0,Control
19,1,Control
19,0,Treatment
19,1,Control
19,1,Treatment
19,1,Treatment
19,1,Treatment
19,1,Control
20,1,Treatment
20,1,Control
20,0,Control
20,1,Control
20,0,Control
20,0,Control
20,1,Treatment
20,0,Treatment
20,0,Treatment
20,0,Control
20,0,Control
20,1,Control
20,0,Treatment
20,1,Treatment
20,0,Control
20,1,Control
20,1,Control
20,0,Control
20,1,Treatment
20,0,Control
20,1,Control
20,1,Treatment
20,0,Treatment
20,0,Treatment
20,0,Treatment
20,1,Control
20,1,Treatment
20,1,Treatment
20,0,Treatment
20,0,Control
20,1,Control
20,0,Control
20,0,Control
20,1,Control
20,1,Treatment
20,0,Control
20,0,Treatment
20,0,Treatment
20,0,Treatment
20,1,Control
20,0,Treatment
20,1,Treatment
20,0,Control
20,0,Treatment
20,1,Treatment
20,1,Treatment
20,0,Treatment
20,1,Control
20,0,Control
20,0,Treatment
20,0,Control
20,0,Treatment
20,1,Control
20,1,Control
20,1,Control
20,0,Treatment
20,0,Control
20,0,Control
20,1,Treatment
20,0,Treatment
20,1,Treatment
20,1,Control
20,1,Treatment
20,0,Treatment
21,1,Treatment
21,1,Treatment
21,1,Treatment
21,1,Control
21,1,Control
21,1,Control
21,1,Treatment
21,1,Treatment
21,1,Treatment
21,1,Treatment
21,1,Control
21,1,Control
21,1,Treatment
21,1,Treatment
21,1,Treatment
21,0,Control
21,1,Control
21,1,Control
21,1,Control
21,1,Treatment
21,1,Control
21,1,Control
21,1,Treatment
21,1,Treatment
21,0,Control
21,1,Treatment
21,1,Control
21,1,Control
21,1,Treatment
21,1,Control
21,1,Control
21,1,Treatment
21,1,Treatment
21,1,Treatment
21,1,Treatment
21,1,Control
21,1,Control
21,1,Control
21,1,Control
21,1,Treatment
21,1,Control
21,0,Control
21,1,Control
21,1,Treatment
21,1,Control
21,1,Control
21,1,Treatment
21,1,Control
21,1,Treatment
21,1,Control
21,1,Control
21,1,Treatment
21,1,Treatment
21,1,Control
21,1,Treatment
21,1,Treatment
21,1,Treatment
21,1,Treatment
21,1,Control
21,1,Control
21,1,Treatment
21,1,Control
21,1,Treatment
21,1,Treatment
22,1,Control
22,1,Treatment
22,1,Treatment
22,0,Treatment
22,1,Control
22,0,Control
22,1,Control
22,1,Treatment
22,1,Treatment
22,1,Control
22,1,Control
22,1,Control
22,1,Treatment
22,1,Control
22,1,Control
22,1,Treatment
22,1,Treatment
22,1,Control
22,1,Control
22,1,Treatment
22,1,Control
22,0,Treatment
22,1,Control
22,1,Treatment
22,1,Treatment
22,0,Control
22,0,Treatment
22,1,Control
22,1,Treatment
22,1,Treatment
22,1,Control
22,1,Control
22,1,Treatment
22,1,Control
22,1,Treatment
22,1,Treatment
22,0,Control
22,1,Control
22,1,Treatment
22,1,Control
22,1,Treatment
22,1,Treatment
22,1,Treatment
22,1,Treatment
22,1,Treatment
22,1,Control
22,1,Treatment
22,1,Control
22,1,Control
22,1,Control
22,1,Control
22,1,Treatment
22,1,Control
22,1,Control
22,1,Treatment
22,1,Treatment
22,1,Treatment
22,1,Treatment
22,1,Treatment
22,1,Treatment
22,1,Control
22,1,Control
22,1,Control
22,1,Control
23,1,Treatment
23,1,Control
23,1,Control
23,1,Treatment
23,1,Treatment
23,1,Treatment
23,1,Treatment
23,1,Control
23,1,Control
23,1,Treatment
23,1,Treatment
23,1,Control
23,1,Treatment
23,1,Control
23,1,Treatment
23,1,Control
23,0,Control
23,1,Control
23,1,Control
23,0,Control
23,1,Treatment
23,1,Control
23,1,Control
23,1,Treatment
23,0,Control
23,1,Treatment
23,1,Treatment
23,0,Control
23,1,Treatment
23,1,Control
23,1,Treatment
23,1,Control
23,0,Control
23,1,Control
23,1,Treatment
23,1,Treatment
23,1,Treatment
23,1,Treatment
23,1,Control
23,1,Control
23,1,Control
23,1,Treatment
23,1,Control
23,1,Control
23,1,Treatment
23,1,Treatment
23,1,Control
23,1,Control
23,1,Treatment
23,1,Control
23,0,Control
23,1,Control
23,1,Treatment
23,1,Treatment
23,1,Treatment
23,1,Treatment
23,1,Treatment
23,1,Treatment
23,1,Control
23,1,Treatment
23,1,Control
23,1,Control
23,1,Treatment
23,1,Treatment
24,0,Treatment
24,1,Treatment
24,1,Treatment
24,1,Treatment
24,1,Treatment
24,1,Treatment
24,0,Control
24,0,Control
24,1,Treatment
24,0,Control
24,1,Control
24,1,Treatment
24,1,Control
24,1,Control
24,1,Treatment
24,0,Control
24,1,Treatment
24,1,Control
24,1,Control
24,1,Control
24,1,Treatment
24,1,Control
24,1,Control
24,1,Treatment
24,1,Control
24,1,Treatment
24,1,Treatment
24,1,Control
24,1,Treatment
24,1,Control
24,1,Treatment
24,1,Treatment
24,1,Control
24,1,Control
24,0,Control
24,0,Treatment
24,0,Control
24,1,Treatment
24,1,Treatment
24,1,Treatment
24,1,Treatment
24,1,Control
24,1,Control
24,1,Treatment
24,1,Control
24,0,Control
24,0,Treatment
24,0,Control
24,1,Treatment
24,1,Treatment
24,1,Control
24,1,Treatment
24,1,Control
24,1,Control
24,1,Treatment
24,1,Control
24,1,Control
24,0,Treatment
24,1,Control
24,1,Treatment
24,1,Treatment
24,1,Treatment
24,1,Control
24,1,Control
25,0,Control
25,0,Control
25,0,Control
25,0,Treatment
25,1,Treatment
25,1,Control
25,1,Control
25,0,Treatment
25,0,Control
25,1,Control
25,1,Treatment
25,1,Treatment
25,1,Control
25,1,Treatment
25,0,Treatment
25,1,Control
25,1,Treatment
25,1,Treatment
25,1,Treatment
25,1,Control
25,1,Control
25,0,Control
25,0,Control
25,1,Treatment
25,1,Control
25,1,Treatment
25,0,Control
25,1,Control
25,0,Treatment
25,0,Control
25,1,Control
25,1,Treatment
25,0,Control
25,1,Treatment
25,1,Control
25,0,Treatment
25,0,Treatment
25,1,Treatment
25,1,Control
25,0,Control
25,1,Treatment
25,0,Treatment
25,0,Control
25,1,Control
25,0,Treatment
25,0,Treatment
25,1,Control
25,1,Treatment
25,0,Treatment
25,0,Treatment
25,0,Control
25,0,Treatment
25,0,Treatment
25,0,Control
25,0,Control
25,0,Treatment
25,0,Control
25,0,Treatment
25,0,Control
25,0,Treatment
25,1,Treatment
25,0,Control
25,1,Treatment
25,1,Control
26,1,Treatment
26,1,Control
26,0,Treatment
26,1,Control
26,0,Treatment
26,1,Treatment
26,1,Treatment
26,1,Control
26,0,Control
26,1,Treatment
26,0,Treatment
26,1,Control
26,0,Control
26,1,Treatment
26,1,Treatment
26,1,Control
26,0,Treatment
26,0,Control
26,1,Control
26,1,Control
26,0,Treatment
26,0,Treatment
26,1,Control
26,0,Treatment
26,0,Control
26,1,Control
26,0,Control
26,1,Treatment
26,1,Control
26,0,Control
26,1,Treatment
26,0,Treatment
26,1,Treatment
26,1,Treatment
26,1,Control
26,0,Treatment
26,0,Control
26,1,Treatment
26,1,Control
26,1,Treatment
26,1,Treatment
26,1,Control
26,1,Control
26,1,Treatment
26,0,Control
26,1,Control
26,1,Control
26,0,Treatment
26,0,Control
26,1,Treatment
26,1,Control
26,0,Control
26,1,Treatment
26,1,Control
26,1,Treatment
26,1,Treatment
26,1,Control
26,1,Treatment
26,1,Control
26,1,Control
26,1,Treatment
26,0,Control
26,1,Treatment
26,1,Treatment
27,0,Control
27,1,Treatment
27,1,Treatment
27,1,Control
27,1,Treatment
27,1,Control
27,0,Control
27,1,Treatment
27,1,Treatment
27,1,Control
27,1,Control
27,1,Control
27,1,Treatment
27,1,Control
27,1,Treatment
27,1,Control
27,1,Control
27,0,Treatment
27,1,Control
27,1,Treatment
27,1,Control
27,1,Control
27,1,Control
27,1,Treatment
27,1,Control
27,1,Treatment
27,1,Treatment
27,1,Treatment
27,1,Treatment
27,1,Treatment
27,1,Treatment
27,1,Control
27,1,Control
27,1,Control
27,1,Treatment
27,1,Treatment
27,1,Treatment
27,1,Treatment
27,1,Treatment
27,1,Control
27,1,Treatment
27,1,Treatment
27,1,Control
27,1,Control
27,1,Control
27,1,Control
27,1,Control
27,1,Treatment
27,1,Control
27,1,Control
27,1,Treatment
27,0,Treatment
27,1,Treatment
27,1,Control
27,1,Control
27,1,Treatment
27,1,Treatment
27,1,Treatment
27,1,Control
27,1,Treatment
27,1,Control
27,1,Control
27,1,Treatment
27,1,Control
28,1,Control
28,0,Control
28,1,Treatment
28,1,Control
28,1,Treatment
28,1,Treatment
28,0,Control
28,1,Control
28,1,Control
28,0,Treatment
28,1,Treatment
28,1,Treatment
28,1,Control
28,0,Treatment
28,1,Treatment
28,0,Treatment
28,1,Treatment
28,0,Treatment
28,1,Control
28,1,Control
28,1,Control
28,1,Control
28,1,Treatment
28,1,Treatment
28,1,Control
28,1,Treatment
28,1,Control
28,1,Treatment
28,1,Control
28,0,Treatment
28,1,Control
28,1,Treatment
28,1,Control
28,0,Treatment
28,1,Treatment
28,1,Treatment
28,1,Treatment
28,1,Treatment
28,1,Treatment
28,1,Treatment
28,1,Control
28,1,Control
28,1,Control
28,0,Control
28,1,Control
28,0,Control
28,1,Control
28,1,Treatment
28,1,Control
28,0,Treatment
28,1,Treatment
28,1,Control
28,1,Treatment
28,1,Control
28,1,Control
28,0,Control
28,1,Treatment
28,1,Control
28,1,Control
28,0,Control
28,0,Treatment
28,1,Treatment
28,1,Control
28,0,Treatment
29,1,Control
29,1,Control
29,1,Control
29,1,Treatment
29,1,Control
29,1,Control
29,1,Control
29,1,Treatment
29,1,Treatment
29,1,Control
29,1,Control
29,1,Control
29,0,Control
29,1,Control
29,1,Control
29,1,Control
29,1,Treatment
29,1,Treatment
29,1,Treatment
29,1,Control
29,0,Treatment
29,1,Treatment
29,1,Treatment
29,1,Control
29,1,Control
29,1,Treatment
29,1,Treatment
29,1,Treatment
29,1,Treatment
29,1,Treatment
29,1,Control
29,1,Control
29,1,Treatment
29,1,Control
29,1,Treatment
29,1,Control
29,0,Control
29,1,Treatment
29,1,Treatment
29,1,Treatment
29,1,Treatment
29,1,Treatment
29,1,Treatment
29,1,Treatment
29,1,Control
29,1,Treatment
29,1,Control
29,1,Control
29,1,Control
29,1,Control
29,1,Control
29,1,Control
29,1,Treatment
29,1,Treatment
29,1,Treatment
29,1,Control
29,1,Control
29,0,Treatment
29,1,Treatment
29,1,Treatment
29,1,Treatment
29,1,Control
29,1,Control
29,1,Treatment
30,1,Treatment
30,1,Control
30,1,Treatment
30,1,Control
30,0,Control
30,0,Treatment
30,1,Control
30,1,Control
30,1,Treatment
30,1,Treatment
30,1,Treatment
30,1,Treatment
30,1,Control
30,1,Treatment
30,1,Control
30,1,Treatment
30,1,Treatment
30,1,Treatment
30,1,Control
30,1,Treatment
30,1,Treatment
30,0,Treatment
30,1,Treatment
30,1,Control
30,1,Treatment
30,1,Control
30,1,Treatment
30,1,Control
30,1,Treatment
30,1,Treatment
30,0,Control
30,1,Control
30,1,Treatment
30,1,Control
30,1,Treatment
30,1,Treatment
30,1,Control
30,0,Control
30,1,Treatment
30,1,Treatment
30,1,Control
30,0,Control
30,1,Treatment
30,1,Control
30,0,Treatment
30,1,Treatment
30,1,Control
30,1,Treatment
30,1,Control
30,1,Control
30,1,Treatment
30,1,Control
30,1,Control
30,1,Control
30,1,Control
30,1,Control
30,1,Control
30,1,Control
30,1,Control
30,1,Treatment
30,0,Treatment
30,1,Treatment
30,1,Control
30,1,Control
31,1,Treatment
31,1,Control
31,1,Control
31,1,Treatment
31,1,Control
31,1,Treatment
31,1,Treatment
31,1,Control
31,1,Control
31,1,Treatment
31,1,Treatment
31,1,Treatment
31,1,Treatment
31,0,Treatment
31,1,Treatment
31,1,Control
31,1,Control
31,1,Control
31,1,Control
31,1,Control
31,1,Control
31,1,Treatment
31,0,Control
31,1,Treatment
31,1,Control
31,1,Control
31,1,Treatment
31,1,Control
31,0,Treatment
31,1,Treatment
31,1,Control
31,1,Control
31,1,Treatment
31,1,Treatment
31,1,Treatment
31,1,Treatment
31,1,Treatment
31,1,Control
31,0,Control
31,0,Control
31,1,Control
31,1,Control
31,1,Treatment
31,1,Treatment
31,1,Treatment
31,1,Treatment
31,1,Control
31,1,Treatment
31,1,Treatment
31,1,Treatment
31,0,Control
31,1,Control
31,1,Treatment
31,1,Treatment
31,1,Treatment
31,1,Control
31,1,Control
31,0,Control
31,1,Treatment
31,0,Control
31,1,Treatment
31,0,Control
31,1,Control
31,1,Control
32,1,Treatment
32,1,Control
32,1,Treatment
32,0,Treatment
32,1,Control
32,1,Control
32,1,Treatment
32,1,Treatment
32,1,Control
32,1,Control
32,1,Treatment
32,0,Treatment
32,1,Treatment
32,1,Treatment
32,1,Treatment
32,1,Control
32,1,Treatment
32,1,Treatment
32,1,Control
32,1,Treatment
32,0,Control
32,1,Treatment
32,1,Control
32,1,Treatment
32,1,Treatment
32,1,Treatment
32,1,Control
32,1,Control
32,1,Control
32,0,Treatment
32,0,Treatment
32,1,Control
32,1,Control
32,1,Control
32,1,Control
32,1,Control
32,1,Control
32,1,Treatment
32,0,Control
32,1,Control
32,1,Control
32,1,Control
32,1,Treatment
32,1,Treatment
32,1,Control
32,1,Treatment
32,1,Treatment
32,1,Treatment
32,1,Treatment
32,1,Control
32,1,Treatment
32,1,Treatment
32,1,Control
32,1,Control
32,1,Control
32,1,Control
32,1,Treatment
32,1,Control
32,1,Control
32,1,Control
32,1,Treatment
32,1,Treatment
32,1,Control
32,1,Treatment
33,1,Control
33,1,Treatment
33,1,Control
33,1,Treatment
33,1,Control
33,1,Treatment
33,1,Control
33,1,Treatment
33,1,Control
33,1,Treatment
33,1,Treatment
33,1,Treatment
33,1,Treatment
33,1,Treatment
33,1,Control
33,0,Control
33,1,Treatment
33,1,Treatment
33,0,Control
33,1,Control
33,1,Control
33,1,Control
33,1,Treatment
33,0,Control
33,1,Treatment
33,1,Treatment
33,1,Treatment
33,1,Treatment
33,1,Treatment
33,0,Control
33,1,Control
33,1,Control
33,0,Treatment
33,1,Control
33,1,Treatment
33,1,Treatment
33,1,Control
33,1,Control
33,1,Control
33,1,Treatment
33,1,Control
33,1,Treatment
33,1,Control
33,0,Treatment
33,1,Treatment
33,1,Treatment
33,1,Treatment
33,0,Treatment
33,1,Treatment
33,1,Control
33,1,Control
33,1,Treatment
33,1,Control
33,1,Control
33,1,Control
33,0,Control
33,1,Control
33,1,Control
33,0,Control
33,1,Control
33,1,Treatment
33,1,Treatment
33,1,Control
33,1,Treatment
34,1,Treatment
34,1,Treatment
34,1,Treatment
34,0,Control
34,1,Control
34,1,Control
34,1,Treatment
34,1,Control
34,1,Treatment
34,1,Treatment
34,1,Treatment
34,1,Control
34,1,Treatment
34,1,Treatment
34,1,Treatment
34,1,Treatment
34,1,Control
34,1,Treatment
34,1,Treatment
34,0,Control
34,1,Control
34,1,Treatment
34,1,Control
34,0,Control
34,1,Treatment
34,1,Control
34,1,Control
34,1,Control
34,1,Control
34,1,Treatment
34,1,Treatment
34,1,Control
34,1,Treatment
34,1,Treatment
34,1,Treatment
34,1,Control
34,1,Treatment
34,1,Control
34,1,Control
34,1,Treatment
34,1,Control
34,1,Control
34,1,Control
34,1,Control
34,1,Control
34,1,Control
34,1,Treatment
34,1,Treatment
34,1,Control
34,1,Treatment
34,1,Control
34,1,Control
34,0,Control
34,1,Control
34,1,Treatment
34,1,Control
34,0,Treatment
34,1,Treatment
34,1,Treatment
34,1,Treatment
34,1,Treatment
34,0,Treatment
34,1,Control
34,1,Control
35,1,Treatment
35,1,Control
35,1,Treatment
35,0,Control
35,1,Treatment
35,1,Control
35,1,Control
35,1,Control
35,1,Treatment
35,1,Treatment
35,1,Treatment
35,1,Treatment
35,1,Treatment
35,1,Treatment
35,1,Control
35,1,Treatment
35,1,Treatment
35,0,Control
35,1,Treatment
35,0,Control
35,1,Control
35,1,Treatment
35,1,Treatment
35,1,Control
35,1,Treatment
35,1,Control
35,1,Control
35,1,Treatment
35,1,Treatment
35,1,Treatment
35,1,Control
35,0,Control
35,1,Treatment
35,1,Treatment
35,1,Control
35,1,Treatment
35,1,Treatment
35,1,Control
35,1,Treatment
35,1,Treatment
35,1,Control
35,1,Control
35,0,Control
35,1,Control
35,1,Control
35,1,Control
35,1,Control
35,1,Treatment
35,1,Treatment
35,1,Control
35,1,Treatment
35,1,Treatment
35,1,Control
35,1,Treatment
35,1,Treatment
35,1,Treatment
35,0,Control
35,1,Control
35,1,Control
35,1,Control
35,1,Control
35,1,Treatment
35,1,Control
35,1,Control
36,1,Treatment
36,1,Treatment
36,0,Control
36,1,Treatment
36,1,Treatment
36,1,Treatment
36,1,Treatment
36,1,Control
36,0,Treatment
36,1,Treatment
36,0,Control
36,1,Treatment
36,1,Treatment
36,1,Treatment
36,1,Control
36,1,Treatment
36,1,Treatment
36,1,Control
36,1,Control
36,1,Control
36,1,Control
36,1,Treatment
36,1,Control
36,1,Treatment
36,1,Treatment
36,1,Treatment
36,1,Control
36,1,Treatment
36,1,Control
36,1,Control
36,1,Control
36,1,Control
36,1,Treatment
36,1,Control
36,1,Treatment
36,1,Treatment
36,0,Treatment
36,1,Control
36,0,Control
36,0,Treatment
36,0,Control
36,0,Control
36,1,Control
36,1,Treatment
36,0,Treatment
36,1,Control
36,1,Control
36,1,Control
36,1,Treatment
36,1,Control
36,1,Treatment
36,1,Control
36,1,Control
36,1,Control
36,1,Treatment
36,1,Treatment
36,1,Control
36,1,Control
36,1,Control
36,1,Treatment
36,1,Treatment
36,1,Treatment
36,1,Control
36,1,Control
37,1,Treatment
37,1,Control
37,1,Treatment
37,0,Treatment
37,1,Control
37,0,Treatment
37,1,Control
37,1,Control
37,0,Treatment
37,1,Control
37,1,Treatment
37,1,Control
37,1,Treatment
37,1,Treatment
37,1,Treatment
37,1,Control
37,1,Control
37,1,Treatment
37,1,Control
37,1,Control
37,1,Control
37,1,Treatment
37,1,Control
37,1,Control
37,1,Control
37,1,Treatment
37,1,Control
37,1,Control
37,1,Treatment
37,1,Treatment
37,0,Treatment
37,1,Treatment
37,0,Treatment
37,1,Treatment
37,1,Treatment
37,1,Treatment
37,1,Control
37,1,Control
37,1,Treatment
37,1,Control
37,1,Control
37,1,Treatment
37,1,Control
37,0,Control
37,1,Control
37,1,Treatment
37,0,Treatment
37,1,Treatment
37,1,Control
37,1,Treatment
37,0,Treatment
37,1,Treatment
37,1,Treatment
37,1,Treatment
37,1,Control
37,1,Control
37,1,Treatment
37,1,Treatment
37,1,Control
37,1,Control
37,1,Control
37,1,Control
37,0,Control
37,1,Control
38,1,Treatment
38,1,Control
38,1,Treatment
38,0,Control
38,1,Control
38,1,Treatment
38,0,Control
38,1,Treatment
38,1,Control
38,1,Treatment
38,1,Control
38,1,Control
38,1,Treatment
38,1,Control
38,0,Control
38,1,Treatment
38,1,Control
38,1,Control
38,1,Treatment
38,1,Control
38,1,Control
38,0,Control
38,1,Treatment
38,1,Control
38,1,Treatment
38,1,Control
38,1,Control
38,1,Treatment
38,1,Control
38,1,Control
38,0,Treatment
38,1,Control
38,1,Treatment
38,1,Treatment
38,1,Control
38,0,Control
38,1,Control
38,1,Treatment
38,1,Treatment
38,1,Control
38,1,Treatment
38,1,Control
38,1,Treatment
38,1,Treatment
38,1,Treatment
38,1,Treatment
38,1,Treatment
38,1,Control
38,1,Control
38,1,Treatment
38,1,Control
38,1,Treatment
38,1,Treatment
38,1,Control
38,1,Treatment
38,1,Control
38,1,Treatment
38,1,Treatment
38,0,Control
38,1,Control
38,0,Treatment
38,0,Treatment
38,1,Treatment
38,1,Treatment
39,1,Control
39,1,Treatment
39,1,Treatment
39,1,Control
39,1,Treatment
39,1,Treatment
39,1,Treatment
39,1,Treatment
39,0,Control
39,1,Treatment
39,1,Treatment
39,1,Treatment
39,1,Control
39,1,Control
39,1,Treatment
39,1,Treatment
39,1,Control
39,0,Treatment
39,0,Control
39,1,Control
39,0,Treatment
39,1,Control
39,1,Control
39,1,Control
39,0,Treatment
39,1,Control
39,0,Control
39,1,Control
39,1,Control
39,1,Control
39,1,Treatment
39,0,Treatment
39,0,Control
39,1,Treatment
39,1,Treatment
39,0,Treatment
39,0,Treatment
39,1,Treatment
39,1,Treatment
39,1,Treatment
39,1,Treatment
39,0,Treatment
39,0,Control
39,1,Treatment
39,0,Control
39,0,Control
39,0,Control
39,1,Control
39,1,Treatment
39,1,Control
39,1,Treatment
39,1,Control
39,0,Control
39,1,Control
39,1,Treatment
39,1,Control
39,1,Control
39,1,Control
39,1,Treatment
39,1,Control
39,1,Control
39,1,Treatment
39,1,Treatment
39,0,Control
40,1,Control
40,1,Treatment
40,1,Control
40,1,Treatment
40,1,Treatment
40,1,Treatment
40,1,Treatment
40,1,Control
40,1,Control
40,1,Treatment
40,1,Control
40,1,Control
40,1,Treatment
40,1,Treatment
40,1,Treatment
40,1,Control
40,1,Control
40,1,Treatment
40,1,Treatment
40,1,Control
40,1,Control
40,1,Treatment
40,1,Treatment
40,1,Treatment
40,1,Control
40,1,Treatment
40,1,Control
40,1,Treatment
40,1,Control
40,1,Control
40,1,Treatment
40,1,Control
40,1,Treatment
40,1,Control
40,1,Treatment
40,1,Control
40,1,Control
40,1,Treatment
40,1,Control
40,1,Treatment
40,1,Treatment
40,1,Control
40,1,Control
40,1,Treatment
40,1,Treatment
40,1,Control
40,1,Treatment
40,1,Control
40,1,Treatment
40,1,Treatment
40,1,Control
40,1,Control
40,1,Treatment
40,1,Control
40,1,Control
40,1,Treatment
40,1,Control
40,1,Control
40,0,Treatment
40,1,Control
40,1,Treatment
40,1,Control
40,1,Treatment
40,1,Control
41,0,Control
41,1,Control
41,1,Control
41,0,Control
41,0,Treatment
41,1,Control
41,1,Control
41,1,Control
41,1,Treatment
41,1,Control
41,1,Control
41,1,Treatment
41,0,Control
41,1,Control
41,1,Treatment
41,1,Treatment
41,1,Treatment
41,1,Control
41,1,Treatment
41,1,Control
41,1,Control
41,0,Treatment
41,0,Treatment
41,0,Control
41,1,Treatment
41,1,Treatment
41,1,Treatment
41,1,Treatment
41,1,Control
41,1,Treatment
41,1,Control
41,1,Control
41,1,Treatment
41,1,Treatment
41,1,Treatment
41,1,Treatment
41,1,Control
41,1,Treatment
41,0,Control
41,1,Control
41,1,Treatment
41,0,Control
41,1,Treatment
41,1,Treatment
41,1,Treatment
41,0,Control
41,0,Control
41,1,Treatment
41,1,Control
41,1,Treatment
41,0,Treatment
41,0,Control
41,1,Control
41,1,Treatment
41,1,Treatment
41,1,Treatment
41,1,Treatment
41,0,Control
41,1,Control
41,1,Control
41,1,Treatment
41,1,Control
41,0,Control
41,1,Treatment
42,1,Control
42,1,Control
42,1,Treatment
42,1,Control
42,1,Control
42,1,Control
42,1,Treatment
42,1,Control
42,1,Control
42,1,Control
42,0,Control
42,0,Control
42,1,Treatment
42,1,Control
42,1,Treatment
42,1,Control
42,1,Treatment
42,1,Treatment
42,1,Treatment
42,0,Treatment
42,1,Treatment
42,1,Control
42,1,Treatment
42,1,Control
42,1,Treatment
42,1,Treatment
42,0,Treatment
42,1,Treatment
42,1,Control
42,1,Treatment
42,1,Control
42,1,Control
42,1,Treatment
42,1,Control
42,1,Control
42,1,Control
42,0,Control
42,1,Treatment
42,1,Treatment
42,1,Control
42,1,Treatment
42,1,Control
42,1,Treatment
42,0,Control
42,1,Treatment
42,1,Treatment
42,1,Treatment
42,1,Treatment
42,1,Treatment
42,1,Control
42,1,Treatment
42,0,Control
42,1,Treatment
42,1,Treatment
42,1,Control
42,1,Treatment
42,1,Control
42,1,Control
42,1,Treatment
42,1,Control
42,1,Treatment
42,1,Control
42,0,Control
42,1,Treatment
43,1,Control
43,1,Control
43,1,Control
43,1,Control
43,1,Control
43,1,Treatment
43,1,Control
43,1,Control
43,1,Treatment
43,1,Treatment
43,1,Control
43,1,Treatment
43,1,Treatment
43,1,Treatment
43,1,Treatment
43,1,Treatment
43,1,Control
43,1,Treatment
43,1,Control
43,1,Treatment
43,1,Treatment
43,1,Treatment
43,1,Treatment
43,1,Treatment
43,1,Control
43,1,Control
43,1,Treatment
43,1,Treatment
43,1,Control
43,1,Treatment
43,1,Control
43,1,Treatment
43,0,Control
43,1,Control
43,0,Treatment
43,1,Control
43,1,Treatment
43,1,Treatment
43,0,Control
43,1,Treatment
43,1,Treatment
43,1,Control
43,1,Treatment
43,1,Treatment
43,1,Treatment
43,1,Control
43,1,Treatment
43,1,Control
43,1,Treatment
43,1,Treatment
43,1,Control
43,1,Control
43,1,Control
43,1,Control
43,1,Treatment
43,1,Control
43,1,Control
43,1,Treatment
43,1,Control
43,1,Control
43,1,Control
43,1,Treatment
43,1,Control
43,1,Control
44,1,Control
44,0,Treatment
44,1,Treatment
44,1,Control
44,1,Control
44,0,Treatment
44,1,Control
44,0,Control
44,0,Treatment
44,1,Control
44,1,Control
44,1,Treatment
44,0,Control
44,1,Control
44,1,Control
44,1,Control
44,1,Control
44,1,Control
44,1,Treatment
44,1,Treatment
44,0,Treatment
44,0,Treatment
44,1,Control
44,0,Control
44,0,Treatment
44,1,Control
44,1,Treatment
44,1,Control
44,0,Treatment
44,0,Control
44,0,Treatment
44,1,Treatment
44,1,Treatment
44,1,Treatment
44,1,Control
44,0,Control
44,0,Treatment
44,0,Control
44,1,Treatment
44,1,Treatment
44,1,Treatment
44,0,Control
44,1,Treatment
44,1,Treatment
44,1,Treatment
44,0,Control
44,1,Treatment
44,1,Control
44,1,Control
44,1,Control
44,0,Treatment
44,1,Control
44,1,Treatment
44,1,Treatment
44,1,Control
44,1,Treatment
44,0,Control
44,0,Treatment
44,0,Treatment
44,0,Control
44,1,Control
44,1,Treatment
44,0,Control
44,1,Treatment
45,1,Control
45,1,Control
45,1,Treatment
45,1,Treatment
45,0,Treatment
45,1,Treatment
45,1,Treatment
45,1,Control
45,1,Treatment
45,1,Control
45,1,Control
45,1,Control
45,1,Control
45,1,Treatment
45,1,Treatment
45,1,Control
45,1,Treatment
45,1,Treatment
45,1,Control
45,1,Control
45,1,Treatment
45,1,Control
45,0,Control
45,1,Control
45,1,Control
45,1,Treatment
45,1,Treatment
45,1,Treatment
45,1,Control
45,1,Control
45,1,Treatment
45,1,Treatment
45,1,Treatment
45,1,Treatment
45,0,Treatment
45,1,Treatment
45,1,Control
45,1,Control
45,1,Control
45,0,Treatment
45,1,Control
45,1,Control
45,1,Treatment
45,1,Treatment
45,1,Control
45,1,Control
45,1,Control
45,1,Control
45,1,Control
45,1,Treatment
45,1,Control
45,1,Treatment
45,1,Treatment
45,0,Treatment
45,1,Treatment
45,1,Control
45,1,Control
45,1,Control
45,1,Treatment
45,0,Control
45,1,Treatment
45,0,Treatment
45,1,Control
45,1,Treatment
46,1,Treatment
46,1,Treatment
46,1,Control
46,1,Control
46,1,Control
46,0,Control
46,1,Control
46,1,Treatment
46,1,Treatment
46,1,Control
46,1,Control
46,1,Control
46,1,Treatment
46,0,Control
46,1,Control
46,1,Control
46,1,Treatment
46,0,Control
46,1,Control
46,1,Control
46,1,Treatment
46,1,Treatment
46,1,Treatment
46,1,Treatment
46,1,Control
46,1,Treatment
46,1,Control
46,1,Treatment
46,1,Treatment
46,1,Treatment
46,1,Control
46,1,Control
46,1,Control
46,1,Treatment
46,1,Treatment
46,1,Treatment
46,1,Control
46,1,Treatment
46,1,Control
46,0,Control
46,1,Control
46,0,Control
46,1,Treatment
46,1,Treatment
46,1,Control
46,1,Control
46,1,Control
46,1,Control
46,1,Treatment
46,1,Treatment
46,1,Treatment
46,1,Treatment
46,1,Treatment
46,1,Control
46,1,Treatment
46,1,Treatment
46,1,Control
46,1,Treatment
46,1,Treatment
46,0,Treatment
46,1,Control
46,1,Control
46,1,Treatment
46,0,Treatment
47,1,Treatment
47,1,Control
47,1,Treatment
47,1,Treatment
47,1,Control
47,1,Control
47,1,Treatment
47,0,Treatment
47,1,Control
47,0,Treatment
47,1,Control
47,1,Control
47,0,Control
47,1,Control
47,1,Control
47,1,Control
47,1,Treatment
47,1,Control
47,1,Control
47,1,Treatment
47,1,Treatment
47,0,Treatment
47,1,Control
47,1,Control
47,1,Control
47,1,Treatment
47,1,Treatment
47,1,Control
47,1,Treatment
47,1,Control
47,1,Treatment
47,1,Treatment
47,1,Treatment
47,1,Treatment
47,1,Control
47,1,Control
47,1,Treatment
47,0,Control
47,1,Control
47,1,Treatment
47,0,Treatment
47,1,Control
47,0,Treatment
47,1,Control
47,0,Treatment
47,1,Treatment
47,1,Control
47,1,Treatment
47,1,Control
47,1,Control
47,1,Treatment
47,0,Control
47,0,Treatment
47,1,Control
47,1,Control
47,1,Control
47,1,Treatment
47,1,Treatment
47,1,Treatment
47,0,Treatment
47,1,Treatment
47,0,Treatment
47,1,Control
47,1,Control
48,1,Control
48,1,Control
48,1,Treatment
48,1,Treatment
48,1,Control
48,1,Control
48,1,Treatment
48,1,Control
48,1,Control
48,1,Treatment
48,1,Control
48,1,Control
48,1,Treatment
48,1,Treatment
48,1,Control
48,1,Control
48,1,Treatment
48,1,Control
48,1,Treatment
48,1,Treatment
48,1,Treatment
48,1,Treatment
48,1,Treatment
48,1,Control
48,1,Control
48,1,Treatment
48,1,Treatment
48,1,Control
48,1,Control
48,1,Treatment
48,1,Control
48,1,Treatment
48,1,Treatment
48,1,Treatment
48,1,Treatment
48,1,Control
48,1,Treatment
48,1,Control
48,1,Control
48,1,Treatment
48,1,Control
48,1,Treatment
48,1,Treatment
48,1,Treatment
48,1,Treatment
48,1,Treatment
48,1,Control
48,1,Treatment
48,1,Control
48,1,Treatment
48,1,Control
48,1,Treatment
48,1,Control
48,1,Treatment
48,1,Control
48,1,Control
48,1,Control
48,1,Treatment
48,1,Control
48,1,Control
48,1,Control
48,1,Control
48,0,Treatment
48,1,Control
49,1,Treatment
49,1,Treatment
49,1,Treatment
49,1,Treatment
49,1,Control
49,1,Control
49,1,Control
49,1,Control
49,1,Treatment
49,1,Treatment
49,1,Control
49,1,Treatment
49,1,Treatment
49,1,Treatment
49,1,Control
49,1,Control
49,1,Control
49,1,Control
49,0,Control
49,1,Treatment
49,1,Control
49,1,Control
49,1,Treatment
49,1,Treatment
49,1,Control
49,1,Control
49,1,Control
49,1,Control
49,1,Treatment
49,1,Control
49,1,Treatment
49,1,Treatment
49,1,Treatment
49,1,Control
49,1,Treatment
49,1,Treatment
49,1,Treatment
49,1,Control
49,1,Control
49,1,Treatment
49,1,Control
49,1,Control
49,1,Treatment
49,1,Treatment
49,1,Control
49,1,Treatment
49,1,Treatment
49,1,Control
49,1,Treatment
49,1,Control
49,1,Control
49,1,Treatment
49,1,Treatment
49,1,Treatment
49,1,Control
49,1,Control
49,1,Treatment
49,1,Treatment
49,1,Control
49,1,Control
49,1,Treatment
49,1,Control
49,1,Control
49,1,Treatment
50,1,Treatment
50,1,Treatment
50,1,Treatment
50,1,Control
50,1,Treatment
50,1,Treatment
50,1,Treatment
50,1,Control
50,1,Treatment
50,1,Control
50,1,Control
50,1,Control
50,1,Treatment
50,0,Treatment
50,1,Control
50,1,Control
50,1,Control
50,1,Treatment
50,1,Treatment
50,1,Control
50,1,Treatment
50,1,Control
50,1,Treatment
50,1,Control
50,0,Control
50,1,Control
50,1,Control
50,1,Control
50,1,Treatment
50,0,Control
50,1,Control
50,1,Control
50,1,Control
50,1,Control
50,1,Treatment
50,1,Treatment
50,1,Treatment
50,1,Treatment
50,1,Treatment
50,1,Treatment
50,1,Control
50,0,Treatment
50,1,Treatment
50,1,Treatment
50,0,Control
50,1,Treatment
50,1,Treatment
50,1,Control
50,0,Control
50,1,Treatment
50,1,Control
50,1,Treatment
50,1,Treatment
50,1,Treatment
50,1,Treatment
50,1,Control
50,1,Control
50,1,Control
50,1,Control
50,1,Control
50,0,Control
50,1,Treatment
50,1,Treatment
50,0,Control
51,1,Control
51,1,Treatment
51,1,Control
51,1,Treatment
51,1,Treatment
51,1,Control
51,1,Control
51,1,Control
51,1,Treatment
51,1,Control
51,1,Treatment
51,1,Control
51,0,Treatment
51,1,Control
51,1,Control
51,1,Treatment
51,1,Treatment
51,1,Treatment
51,1,Control
51,1,Treatment
51,1,Treatment
51,1,Control
51,1,Treatment
51,1,Control
51,1,Treatment
51,1,Treatment
51,1,Treatment
51,1,Control
51,1,Control
51,1,Control
51,1,Control
51,1,Control
51,0,Treatment
51,1,Treatment
51,1,Treatment
51,1,Treatment
51,1,Control
51,1,Treatment
51,1,Treatment
51,1,Treatment
51,1,Treatment
51,1,Control
51,1,Treatment
51,0,Control
51,1,Treatment
51,1,Treatment
51,1,Treatment
51,1,Control
51,1,Treatment
51,1,Treatment
51,0,Control
51,1,Control
51,1,Control
51,0,Control
51,1,Control
51,1,Control
51,1,Control
51,1,Treatment
51,1,Treatment
51,1,Control
51,0,Treatment
51,1,Control
51,1,Control
51,1,Control
52,1,Treatment
52,1,Treatment
52,0,Control
52,1,Control
52,1,Control
52,1,Treatment
52,1,Treatment
52,1,Treatment
52,1,Treatment
52,1,Control
52,1,Control
52,1,Control
52,1,Control
52,1,Treatment
52,1,Control
52,1,Treatment
52,1,Treatment
52,1,Control
52,1,Treatment
52,1,Treatment
52,1,Treatment
52,1,Control
52,1,Control
52,1,Treatment
52,1,Control
52,1,Control
52,1,Control
52,1,Treatment
52,1,Control
52,1,Control
52,1,Treatment
52,1,Treatment
52,1,Treatment
52,1,Control
52,1,Treatment
52,1,Control
52,1,Treatment
52,1,Treatment
52,1,Control
52,1,Treatment
52,1,Treatment
52,1,Control
52,1,Treatment
52,1,Control
52,0,Control
52,1,Control
52,0,Treatment
52,0,Treatment
52,1,Control
52,1,Control
52,1,Control
52,1,Control
52,1,Control
52,1,Control
52,1,Treatment
52,1,Treatment
52,1,Treatment
52,1,Treatment
52,1,Treatment
52,1,Control
52,0,Control
52,1,Control
52,1,Treatment
52,1,Treatment
53,0,Treatment
53,0,Control
53,0,Treatment
53,0,Treatment
53,0,Control
53,1,Treatment
53,1,Treatment
53,0,Control
53,0,Treatment
53,0,Control
53,1,Control
53,0,Control
53,0,Treatment
53,1,Treatment
53,0,Treatment
53,1,Treatment
53,1,Treatment
53,1,Treatment
53,1,Control
53,0,Control
53,1,Control
53,1,Treatment
53,1,Treatment
53,1,Treatment
53,0,Control
53,0,Control
53,1,Treatment
53,1,Treatment
53,1,Control
53,1,Control
53,1,Treatment
53,1,Control
53,0,Treatment
53,0,Control
53,0,Control
53,1,Control
53,0,Treatment
53,1,Control
53,0,Treatment
53,1,Treatment
53,0,Control
53,1,Control
53,0,Treatment
53,0,Treatment
53,1,Treatment
53,0,Treatment
53,0,Control
53,0,Control
53,1,Control
53,0,Control
53,1,Control
53,1,Control
53,0,Treatment
53,0,Treatment
53,1,Treatment
53,0,Treatment
53,1,Control
53,0,Treatment
53,0,Control
53,1,Control
53,1,Control
53,1,Treatment
53,1,Control
53,0,Control
54,1,Control
54,0,Treatment
54,1,Control
54,0,Control
54,1,Control
54,1,Control
54,0,Control
54,0,Control
54,1,Control
54,1,Treatment
54,1,Treatment
54,0,Treatment
54,0,Control
54,1,Treatment
54,1,Control
54,1,Treatment
54,1,Treatment
54,1,Control
54,0,Control
54,0,Treatment
54,1,Treatment
54,1,Treatment
54,1,Treatment
54,1,Control
54,1,Treatment
54,1,Treatment
54,1,Treatment
54,1,Control
54,0,Treatment
54,0,Control
54,0,Control
54,1,Treatment
54,1,Control
54,1,Control
54,1,Control
54,1,Treatment
54,0,Treatment
54,1,Control
54,1,Treatment
54,1,Treatment
54,1,Treatment
54,1,Control
54,1,Treatment
54,1,Control
54,1,Treatment
54,1,Control
54,1,Treatment
54,1,Control
54,1,Control
54,1,Control
54,1,Treatment
54,1,Treatment
54,1,Control
54,1,Treatment
54,1,Control
54,1,Treatment
54,1,Treatment
54,1,Control
54,1,Treatment
54,1,Control
54,1,Control
54,1,Control
54,1,Treatment
54,1,Treatment
55,1,Control
55,1,Treatment
55,1,Control
55,0,Control
55,1,Control
55,1,Control
55,0,Control
55,0,Control
55,1,Treatment
55,1,Control
55,1,Control
55,1,Treatment
55,1,Treatment
55,1,Control
55,1,Control
55,1,Treatment
55,1,Control
55,1,Treatment
55,1,Treatment
55,1,Treatment
55,1,Control
55,1,Treatment
55,1,Treatment
55,1,Treatment
55,0,Treatment
55,1,Control
55,1,Treatment
55,1,Control
55,1,Treatment
55,1,Control
55,1,Treatment
55,1,Treatment
55,1,Treatment
55,0,Treatment
55,1,Control
55,1,Control
55,1,Treatment
55,1,Control
55,1,Control
55,0,Control
55,1,Treatment
55,1,Treatment
55,1,Control
55,1,Treatment
55,1,Control
55,1,Control
55,1,Treatment
55,1,Control
55,0,Control
55,1,Treatment
55,1,Control
55,1,Treatment
55,1,Treatment
55,1,Control
55,1,Control
55,1,Control
55,1,Treatment
55,0,Control
55,1,Treatment
55,1,Treatment
55,1,Treatment
55,1,Treatment
55,1,Treatment
55,1,Control
56,1,Treatment
56,1,Control
56,1,Control
56,1,Treatment
56,1,Control
56,1,Treatment
56,1,Control
56,1,Control
56,1,Control
56,1,Control
56,1,Control
56,1,Control
56,1,Control
56,1,Treatment
56,1,Control
56,1,Treatment
56,1,Treatment
56,1,Treatment
56,0,Treatment
56,1,Treatment
56,1,Treatment
56,1,Control
56,1,Control
56,1,Treatment
56,1,Treatment
56,1,Control
56,1,Treatment
56,1,Treatment
56,1,Treatment
56,1,Control
56,1,Control
56,1,Treatment
56,1,Treatment
56,0,Control
56,1,Treatment
56,1,Treatment
56,1,Treatment
56,0,Control
56,1,Control
56,1,Control
56,1,Treatment
56,1,Treatment
56,1,Treatment
56,0,Control
56,1,Control
56,1,Treatment
56,1,Treatment
56,1,Control
56,1,Treatment
56,1,Treatment
56,1,Control
56,1,Treatment
56,1,Treatment
56,1,Control
56,1,Treatment
56,1,Treatment
56,1,Control
56,0,Control
56,1,Control
56,1,Control
56,1,Control
56,1,Control
56,1,Control
56,1,Treatment
57,1,Treatment
57,0,Control
57,1,Control
57,1,Treatment
57,1,Control
57,1,Control
57,1,Treatment
57,1,Control
57,1,Treatment
57,1,Control
57,1,Treatment
57,1,Treatment
57,1,Treatment
57,1,Treatment
57,1,Control
57,1,Control
57,1,Treatment
57,1,Treatment
57,1,Treatment
57,1,Control
57,1,Control
57,1,Control
57,1,Treatment
57,0,Control
57,0,Control
57,1,Control
57,1,Treatment
57,1,Control
57,1,Control
57,1,Control
57,1,Treatment
57,1,Treatment
57,1,Control
57,1,Treatment
57,1,Treatment
57,1,Control
57,1,Control
57,1,Control
57,1,Control
57,1,Treatment
57,1,Control
57,1,Control
57,1,Treatment
57,1,Treatment
57,1,Control
57,1,Control
57,1,Treatment
57,1,Control
57,1,Treatment
57,1,Treatment
57,1,Treatment
57,1,Treatment
57,1,Treatment
57,1,Control
57,1,Control
57,1,Treatment
57,1,Control
57,1,Treatment
57,1,Treatment
57,1,Control
57,1,Treatment
57,1,Treatment
57,1,Treatment
57,1,Control
58,1,Treatment
58,1,Treatment
58,1,Control
58,1,Treatment
58,1,Treatment
58,1,Treatment
58,1,Treatment
58,1,Treatment
58,1,Treatment
58,1,Treatment
58,1,Treatment
58,0,Control
58,0,Control
58,1,Treatment
58,0,Control
58,1,Control
58,1,Control
58,1,Treatment
58,1,Treatment
58,1,Control
58,1,Treatment
58,1,Control
58,1,Treatment
58,0,Control
58,1,Control
58,1,Control
58,0,Control
58,0,Control
58,1,Treatment
58,1,Treatment
58,1,Treatment
58,1,Treatment
58,1,Control
58,1,Control
58,1,Treatment
58,0,Control
58,1,Control
58,1,Control
58,1,Control
58,1,Treatment
58,1,Control
58,1,Treatment
58,1,Treatment
58,1,Treatment
58,0,Control
58,1,Control
58,1,Treatment
58,1,Treatment
58,1,Control
58,1,Treatment
58,0,Control
58,0,Control
58,0,Control
58,1,Treatment
58,0,Control
58,1,Treatment
58,1,Control
58,1,Treatment
58,0,Control
58,1,Control
58,0,Control
58,1,Treatment
58,1,Treatment
58,0,Control
59,1,Treatment
59,1,Treatment
59,0,Control
59,1,Control
59,0,Control
59,1,Treatment
59,1,Control
59,1,Treatment
59,1,Control
59,1,Treatment
59,1,Treatment
59,1,Treatment
59,1,Treatment
59,1,Treatment
59,1,Control
59,1,Control
59,1,Treatment
59,0,Control
59,1,Treatment
59,1,Treatment
59,1,Control
59,1,Treatment
59,1,Control
59,1,Treatment
59,1,Control
59,1,Treatment
59,1,Treatment
59,1,Control
59,1,Treatment
59,0,Control
59,1,Treatment
59,1,Control
59,1,Control
59,1,Control
59,1,Control
59,1,Control
59,1,Treatment
59,1,Control
59,1,Control
59,1,Treatment
59,0,Control
59,1,Treatment
59,1,Control
59,1,Treatment
59,1,Control
59,1,Control
59,1,Treatment
59,1,Treatment
59,1,Treatment
59,1,Control
59,1,Control
59,1,Treatment
59,0,Control
59,1,Treatment
59,0,Control
59,1,Control
59,1,Treatment
59,1,Treatment
59,1,Control
59,1,Control
59,1,Treatment
59,1,Treatment
59,1,Control
59,1,Treatment
60,0,Treatment
60,1,Treatment
60,1,Treatment
60,1,Treatment
60,1,Control
60,0,Control
60,1,Control
60,1,Treatment
60,0,Treatment
60,1,Treatment
60,1,Control
60,1,Treatment
60,1,Treatment
60,1,Control
60,1,Treatment
60,1,Treatment
60,1,Treatment
60,1,Treatment
60,1,Control
60,1,Treatment
60,1,Treatment
60,0,Control
60,1,Control
60,1,Control
60,1,Treatment
60,0,Control
60,1,Treatment
60,1,Control
60,1,Control
60,1,Control
60,1,Control
60,0,Control
60,1,Treatment
60,0,Control
60,0,Control
60,1,Treatment
60,1,Control
60,1,Control
60,1,Control
60,1,Control
60,1,Treatment
60,1,Control
60,1,Treatment
60,0,Control
60,0,Treatment
60,1,Control
60,1,Control
60,1,Treatment
60,1,Treatment
60,0,Control
60,0,Control
60,0,Treatment
60,1,Treatment
60,1,Treatment
60,1,Treatment
60,1,Treatment
60,1,Control
60,1,Control
60,1,Control
60,1,Treatment
60,1,Control
60,1,Control
60,1,Treatment
60,1,Treatment
61,1,Control
61,1,Treatment
61,0,Control
61,1,Treatment
61,1,Control
61,1,Control
61,1,Control
61,1,Control
61,0,Control
61,1,Treatment
61,1,Control
61,1,Treatment
61,1,Treatment
61,0,Control
61,1,Treatment
61,1,Control
61,1,Control
61,0,Control
61,0,Treatment
61,0,Treatment
61,1,Treatment
61,1,Treatment
61,1,Treatment
61,1,Treatment
61,0,Treatment
61,1,Treatment
61,0,Control
61,1,Treatment
61,1,Treatment
61,1,Control
61,1,Control
61,1,Treatment
61,1,Treatment
61,0,Treatment
61,1,Treatment
61,0,Control
61,0,Treatment
61,1,Treatment
61,1,Treatment
61,1,Treatment
61,1,Control
61,1,Control
61,1,Control
61,1,Control
61,1,Control
61,1,Control
61,1,Control
61,1,Treatment
61,0,Control
61,0,Control
61,1,Treatment
61,0,Control
61,1,Control
61,1,Treatment
61,1,Control
61,1,Control
61,1,Control
61,1,Treatment
61,1,Treatment
61,1,Control
61,1,Control
61,1,Treatment
61,1,Treatment
61,1,Treatment
62,1,Control
62,1,Treatment
62,1,Control
62,1,Treatment
62,1,Control
62,1,Control
62,1,Control
62,1,Control
62,1,Treatment
62,1,Control
62,1,Control
62,1,Treatment
62,1,Treatment
62,1,Treatment
62,1,Control
62,1,Control
62,1,Control
62,1,Control
62,1,Control
62,1,Treatment
62,1,Treatment
62,1,Control
62,1,Control
62,1,Treatment
62,1,Control
62,1,Treatment
62,1,Treatment
62,1,Treatment
62,1,Control
62,1,Treatment
62,1,Treatment
62,1,Control
62,1,Control
62,1,Treatment
62,1,Control
62,1,Treatment
62,1,Treatment
62,1,Control
62,1,Treatment
62,1,Control
62,1,Control
62,1,Treatment
62,1,Treatment
62,1,Control
62,1,Control
62,1,Treatment
62,1,Control
62,1,Treatment
62,1,Treatment
62,1,Treatment
62,1,Control
62,1,Control
62,1,Treatment
62,1,Control
62,1,Treatment
62,1,Control
62,1,Treatment
62,1,Treatment
62,1,Treatment
62,1,Control
62,1,Treatment
62,1,Treatment
62,1,Treatment
62,1,Control
63,1,Control
63,1,Treatment
63,1,Treatment
63,1,Control
63,1,Treatment
63,1,Control
63,0,Control
63,1,Treatment
63,1,Treatment
63,1,Control
63,1,Control
63,1,Control
63,1,Control
63,1,Treatment
63,1,Treatment
63,1,Treatment
63,1,Treatment
63,1,Control
63,1,Treatment
63,1,Control
63,1,Treatment
63,0,Control
63,1,Treatment
63,1,Treatment
63,1,Control
63,1,Control
63,1,Treatment
63,1,Treatment
63,1,Treatment
63,1,Control
63,1,Control
63,1,Treatment
63,1,Control
63,1,Control
63,1,Control
63,1,Control
63,0,Treatment
63,1,Control
63,1,Treatment
63,1,Treatment
63,1,Treatment
63,1,Treatment
63,1,Control
63,1,Control
63,1,Control
63,1,Control
63,1,Control
63,1,Treatment
63,1,Treatment
63,1,Treatment
63,1,Treatment
63,1,Treatment
63,1,Treatment
63,1,Control
63,1,Control
63,0,Control
63,0,Control
63,0,Treatment
63,1,Treatment
63,1,Control
63,1,Treatment
63,1,Treatment
63,1,Control
63,1,Control
64,1,Treatment
64,0,Control
64,1,Control
64,1,Control
64,0,Control
64,1,Treatment
64,1,Control
64,1,Treatment
64,0,Treatment
64,0,Control
64,0,Treatment
64,1,Control
64,1,Treatment
64,1,Treatment
64,1,Treatment
64,1,Treatment
64,1,Control
64,1,Treatment
64,1,Control
64,1,Control
64,1,Treatment
64,1,Treatment
64,1,Control
64,1,Treatment
64,0,Control
64,1,Treatment
64,0,Treatment
64,1,Treatment
64,1,Control
64,1,Control
64,1,Treatment
64,1,Treatment
64,1,Treatment
64,1,Control
64,0,Treatment
64,1,Treatment
64,1,Treatment
64,0,Control
64,1,Control
64,1,Treatment
64,1,Control
64,1,Treatment
64,0,Control
64,1,Control
64,1,Control
64,1,Control
64,0,Control
64,1,Control
64,0,Treatment
64,1,Control
64,0,Treatment
64,0,Control
64,1,Control
64,0,Control
64,0,Control
64,1,Treatment
64,1,Control
64,0,Treatment
64,0,Treatment
64,0,Treatment
64,1,Treatment
64,1,Control
64,0,Control
64,1,Treatment
65,1,Treatment
65,1,Control
65,1,Treatment
65,1,Treatment
65,1,Control
65,0,Treatment
65,1,Treatment
65,1,Treatment
65,0,Control
65,1,Treatment
65,1,Control
65,1,Control
65,1,Treatment
65,1,Control
65,1,Control
65,1,Treatment
65,1,Treatment
65,0,Treatment
65,0,Treatment
65,0,Control
65,1,Control
65,1,Control
65,1,Control
65,1,Treatment
65,1,Control
65,0,Control
65,0,Control
65,0,Treatment
65,1,Control
65,1,Treatment
65,1,Treatment
65,1,Control
65,1,Treatment
65,1,Control
65,1,Treatment
65,1,Treatment
65,1,Control
65,1,Treatment
65,1,Treatment
65,0,Control
65,1,Control
65,1,Control
65,1,Control
65,1,Control
65,1,Control
65,1,Treatment
65,0,Control
65,1,Control
65,1,Control
65,1,Control
65,0,Treatment
65,1,Treatment
65,1,Treatment
65,1,Control
65,1,Control
65,1,Treatment
65,1,Treatment
65,1,Control
65,1,Treatment
65,1,Treatment
65,0,Treatment
65,1,Treatment
65,1,Treatment
65,1,Control
66,1,Control
66,1,Control
66,1,Control
66,1,Control
66,1,Treatment
66,1,Control
66,1,Treatment
66,1,Treatment
66,1,Control
66,1,Treatment
66,1,Control
66,1,Control
66,1,Treatment
66,1,Treatment
66,1,Treatment
66,1,Treatment
66,1,Treatment
66,1,Control
66,1,Treatment
66,1,Control
66,1,Control
66,1,Control
66,1,Treatment
66,0,Treatment
66,1,Control
66,1,Control
66,1,Control
66,0,Control
66,1,Treatment
66,1,Control
66,1,Control
66,1,Control
66,1,Treatment
66,1,Treatment
66,1,Treatment
66,1,Control
66,1,Control
66,1,Treatment
66,1,Control
66,1,Treatment
66,1,Control
66,1,Treatment
66,1,Control
66,1,Control
66,1,Treatment
66,1,Treatment
66,1,Treatment
66,1,Treatment
66,1,Control
66,1,Treatment
66,1,Treatment
66,1,Control
66,1,Control
66,1,Control
66,1,Treatment
66,1,Control
66,1,Treatment
66,1,Treatment
66,1,Treatment
66,1,Treatment
66,1,Treatment
66,1,Treatment
66,1,Control
66,1,Control
67,1,Control
67,1,Treatment
67,1,Control
67,0,Control
67,1,Treatment
67,0,Control
67,0,Control
67,0,Treatment
67,0,Control
67,1,Control
67,1,Treatment
67,1,Treatment
67,1,Control
67,1,Treatment
67,0,Treatment
67,0,Control
67,1,Treatment
67,1,Treatment
67,0,Control
67,0,Control
67,1,Treatment
67,0,Control
67,1,Treatment
67,1,Control
67,1,Control
67,1,Treatment
67,1,Treatment
67,0,Control
67,1,Treatment
67,1,Treatment
67,1,Control
67,1,Treatment
67,1,Treatment
67,1,Control
67,1,Treatment
67,1,Control
67,1,Treatment
67,1,Control
67,1,Control
67,0,Treatment
67,0,Control
67,1,Treatment
67,1,Treatment
67,1,Treatment
67,0,Control
67,0,Control
67,0,Control
67,1,Treatment
67,1,Control
67,1,Control
67,1,Treatment
67,0,Control
67,0,Treatment
67,1,Treatment
67,1,Treatment
67,1,Treatment
67,1,Control
67,0,Control
67,1,Control
67,1,Treatment
67,1,Treatment
67,1,Control
67,1,Treatment
67,0,Control
68,0,Treatment
68,1,Treatment
68,1,Control
68,0,Control
68,1,Control
68,1,Control
68,1,Treatment
68,1,Control
68,1,Treatment
68,1,Control
68,1,Treatment
68,1,Treatment
68,1,Treatment
68,1,Control
68,1,Control
68,0,Control
68,1,Treatment
68,1,Treatment
68,1,Control
68,1,Treatment
68,1,Treatment
68,1,Treatment
68,0,Control
68,1,Treatment
68,0,Control
68,1,Control
68,1,Treatment
68,1,Control
68,1,Control
68,1,Treatment
68,1,Treatment
68,1,Treatment
68,0,Control
68,1,Control
68,0,Treatment
68,1,Treatment
68,1,Control
68,1,Control
68,1,Control
68,1,Control
68,0,Control
68,1,Treatment
68,1,Treatment
68,1,Treatment
68,1,Control
68,1,Control
68,1,Treatment
68,1,Treatment
68,1,Control
68,1,Treatment
68,1,Treatment
68,1,Control
68,1,Control
68,1,Treatment
68,1,Control
68,1,Treatment
68,1,Control
68,1,Control
68,1,Control
68,1,Treatment
68,1,Control
68,1,Treatment
68,1,Treatment
68,1,Treatment
69,0,Treatment
69,1,Treatment
69,1,Control
69,1,Control
69,1,Treatment
69,1,Control
69,1,Control
69,1,Control
69,0,Control
69,1,Control
69,0,Control
69,1,Treatment
69,1,Control
69,1,Control
69,1,Treatment
69,1,Treatment
69,1,Treatment
69,1,Control
69,1,Treatment
69,1,Treatment
69,1,Control
69,1,Control
69,1,Control
69,1,Control
69,1,Treatment
69,1,Control
69,1,Control
69,1,Treatment
69,1,Treatment
69,1,Control
69,1,Control
69,0,Treatment
69,1,Treatment
69,1,Treatment
69,0,Control
69,1,Control
69,1,Treatment
69,1,Treatment
69,1,Control
69,1,Control
69,1,Treatment
69,1,Treatment
69,1,Control
69,1,Treatment
69,1,Control
69,0,Treatment
69,1,Treatment
69,1,Treatment
69,1,Treatment
69,1,Control
69,1,Treatment
69,0,Control
69,1,Control
69,1,Treatment
69,1,Control
69,0,Control
69,1,Treatment
69,1,Treatment
69,1,Control
69,1,Treatment
69,1,Treatment
69,1,Treatment
69,1,Treatment
69,1,Control
70,1,Control
70,1,Treatment
70,1,Treatment
70,1,Treatment
70,1,Treatment
70,1,Treatment
70,1,Control
70,0,Treatment
70,1,Control
70,0,Control
70,1,Control
70,1,Treatment
70,1,Treatment
70,1,Control
70,1,Treatment
70,1,Treatment
70,1,Control
70,1,Treatment
70,1,Treatment
70,1,Treatment
70,1,Control
70,1,Treatment
70,1,Treatment
70,0,Control
70,1,Treatment
70,1,Treatment
70,1,Control
70,1,Control
70,1,Control
70,1,Control
70,1,Treatment
70,1,Treatment
70,1,Treatment
70,1,Control
70,1,Treatment
70,1,Control
70,1,Control
70,1,Treatment
70,0,Treatment
70,1,Treatment
70,1,Treatment
70,1,Control
70,1,Control
70,1,Treatment
70,1,Control
70,1,Treatment
70,1,Control
70,0,Control
70,1,Control
70,1,Treatment
70,1,Treatment
70,1,Treatment
70,1,Treatment
70,1,Control
70,0,Control
70,1,Treatment
70,1,Control
70,1,Control
70,1,Control
70,1,Control
70,1,Control
70,1,Control
70,1,Control
70,1,Control
71,1,Control
71,1,Control
71,1,Treatment
71,1,Treatment
71,1,Treatment
71,1,Treatment
71,1,Treatment
71,1,Treatment
71,1,Treatment
71,1,Control
71,1,Treatment
71,1,Control
71,1,Treatment
71,1,Control
71,1,Control
71,1,Treatment
71,1,Treatment
71,1,Treatment
71,1,Control
71,1,Control
71,1,Control
71,1,Treatment
71,1,Control
71,1,Control
71,1,Treatment
71,1,Treatment
71,1,Treatment
71,1,Control
71,1,Control
71,1,Treatment
71,1,Treatment
71,1,Treatment
71,1,Control
71,1,Treatment
71,1,Treatment
71,0,Control
71,0,Control
71,1,Control
71,1,Control
71,1,Control
71,1,Control
71,1,Treatment
71,1,Treatment
71,0,Control
71,1,Control
71,1,Treatment
71,1,Control
71,1,Treatment
71,1,Treatment
71,1,Control
71,1,Control
71,1,Control
71,1,Treatment
71,1,Treatment
71,1,Control
71,1,Treatment
71,1,Treatment
71,1,Control
71,1,Control
71,1,Control
71,1,Control
71,1,Control
71,1,Treatment
71,1,Treatment
72,1,Treatment
72,1,Treatment
72,1,Treatment
72,1,Control
72,0,Control
72,1,Treatment
72,0,Control
72,1,Treatment
72,1,Control
72,1,Control
72,0,Treatment
72,1,Treatment
72,0,Treatment
72,1,Control
72,0,Treatment
72,1,Treatment
72,1,Control
72,1,Treatment
72,0,Control
72,1,Control
72,1,Control
72,1,Treatment
72,1,Treatment
72,1,Treatment
72,1,Control
72,1,Treatment
72,0,Control
72,1,Control
72,0,Control
72,1,Treatment
72,1,Treatment
72,1,Control
72,1,Control
72,1,Treatment
72,1,Treatment
72,1,Treatment
72,0,Control
72,1,Control
72,1,Treatment
72,1,Treatment
72,1,Control
72,1,Control
72,1,Control
72,1,Treatment
72,1,Control
72,1,Control
72,1,Control
72,0,Treatment
72,1,Treatment
72,1,Treatment
72,0,Control
72,1,Control
72,1,Control
72,1,Control
72,1,Treatment
72,0,Control
72,1,Treatment
72,1,Control
72,1,Treatment
72,1,Control
72,1,Treatment
72,1,Treatment
72,1,Control
72,1,Treatment
73,1,Treatment
73,1,Control
73,1,Treatment
73,1,Control
73,1,Control
73,1,Control
73,1,Treatment
73,1,Control
73,1,Control
73,1,Treatment
73,1,Control
73,1,Treatment
73,1,Treatment
73,1,Control
73,1,Control
73,1,Treatment
73,1,Control
73,1,Control
73,1,Treatment
73,1,Control
73,1,Treatment
73,1,Treatment
73,1,Treatment
73,1,Treatment
73,1,Treatment
73,1,Treatment
73,1,Treatment
73,1,Control
73,1,Control
73,1,Control
73,1,Control
73,1,Treatment
73,1,Control
73,1,Treatment
73,1,Treatment
73,1,Control
73,1,Treatment
73,1,Control
73,1,Treatment
73,1,Control
73,1,Control
73,1,Treatment
73,1,Treatment
73,1,Control
73,1,Treatment
73,1,Treatment
73,1,Control
73,1,Control
73,1,Treatment
73,1,Control
73,1,Control
73,1,Control
73,1,Control
73,1,Treatment
73,1,Control
73,1,Treatment
73,1,Treatment
73,1,Treatment
73,1,Treatment
73,1,Treatment
73,1,Control
73,1,Control
73,1,Control
73,1,Treatment
74,0,Treatment
74,1,Control
74,1,Control
74,1,Treatment
74,1,Treatment
74,1,Treatment
74,1,Treatment
74,1,Control
74,1,Treatment
74,1,Control
74,0,Treatment
74,1,Treatment
74,1,Control
74,1,Treatment
74,1,Treatment
74,1,Treatment
74,1,Control
74,1,Treatment
74,1,Control
74,1,Control
74,1,Treatment
74,0,Control
74,1,Control
74,1,Treatment
74,1,Treatment
74,0,Treatment
74,1,Treatment
74,1,Treatment
74,1,Control
74,1,Treatment
74,1,Control
74,1,Control
74,1,Control
74,1,Treatment
74,1,Control
74,1,Control
74,1,Treatment
74,1,Treatment
74,0,Control
74,1,Treatment
74,1,Control
74,0,Control
74,1,Control
74,1,Control
74,1,Control
74,1,Control
74,1,Treatment
74,1,Treatment
74,1,Control
74,1,Control
74,1,Treatment
74,1,Control
74,1,Control
74,1,Control
74,1,Treatment
74,1,Control
74,1,Treatment
74,1,Treatment
74,1,Control
74,1,Treatment
74,1,Treatment
74,1,Treatment
74,1,Control
74,1,Control
75,0,Control
75,1,Control
75,1,Treatment
75,0,Control
75,1,Control
75,1,Control
75,1,Control
75,1,Treatment
75,1,Control
75,1,Treatment
75,1,Control
75,1,Treatment
75,0,Control
75,1,Treatment
75,1,Treatment
75,1,Treatment
75,1,Treatment
75,1,Control
75,0,Control
75,1,Treatment
75,1,Treatment
75,1,Treatment
75,1,Treatment
75,1,Control
75,1,Treatment
75,1,Control
75,0,Treatment
75,1,Control
75,0,Treatment
75,1,Treatment
75,1,Treatment
75,1,Control
75,0,Control
75,0,Treatment
75,1,Control
75,0,Control
75,1,Treatment
75,1,Control
75,0,Control
75,1,Treatment
75,1,Control
75,1,Treatment
75,1,Control
75,0,Control
75,1,Treatment
75,1,Control
75,1,Treatment
75,1,Control
75,1,Control
75,1,Treatment
75,1,Control
75,1,Control
75,0,Control
75,1,Treatment
75,0,Control
75,1,Treatment
75,1,Treatment
75,1,Treatment
75,1,Treatment
75,0,Control
75,1,Treatment
75,1,Treatment
75,1,Control
75,1,Treatment
76,1,Treatment
76,1,Control
76,1,Control
76,1,Control
76,1,Treatment
76,1,Treatment
76,1,Control
76,0,Control
76,1,Control
76,1,Control
76,0,Treatment
76,1,Treatment
76,1,Control
76,1,Treatment
76,1,Control
76,1,Control
76,1,Treatment
76,1,Control
76,1,Control
76,1,Control
76,1,Control
76,1,Treatment
76,0,Control
76,1,Control
76,1,Treatment
76,1,Treatment
76,1,Control
76,1,Treatment
76,1,Treatment
76,1,Treatment
76,1,Treatment
76,1,Control
76,1,Treatment
76,1,Treatment
76,1,Control
76,1,Control
76,1,Control
76,1,Control
76,1,Treatment
76,1,Treatment
76,1,Treatment
76,1,Treatment
76,1,Treatment
76,1,Treatment
76,1,Treatment
76,0,Treatment
76,1,Treatment
76,1,Treatment
76,1,Control
76,1,Control
76,0,Control
76,1,Control
76,1,Treatment
76,1,Control
76,1,Control
76,1,Treatment
76,1,Control
76,1,Treatment
76,0,Control
76,1,Treatment
76,1,Control
76,1,Treatment
76,0,Control
76,1,Treatment
77,1,Treatment
77,1,Control
77,1,Treatment
77,1,Treatment
77,1,Treatment
77,1,Control
77,1,Control
77,1,Control
77,0,Control
77,1,Control
77,1,Control
77,1,Treatment
77,1,Control
77,1,Control
77,0,Control
77,1,Control
77,1,Treatment
77,1,Control
77,1,Control
77,1,Treatment
77,1,Treatment
77,1,Treatment
77,1,Treatment
77,1,Control
77,1,Control
77,1,Treatment
77,1,Control
77,1,Treatment
77,1,Treatment
77,1,Control
77,1,Treatment
77,1,Treatment
77,1,Control
77,1,Control
77,1,Control
77,1,Treatment
77,0,Control
77,1,Control
77,1,Treatment
77,1,Control
77,1,Treatment
77,1,Control
77,1,Control
77,1,Treatment
77,1,Treatment
77,1,Treatment
77,1,Control
77,1,Treatment
77,1,Treatment
77,1,Control
77,1,Treatment
77,1,Treatment
77,1,Treatment
77,1,Control
77,1,Treatment
77,1,Treatment
77,0,Control
77,1,Treatment
77,1,Treatment
77,1,Treatment
77,1,Control
77,1,Control
77,1,Treatment
77,1,Control
78,1,Control
78,0,Control
78,1,Treatment
78,1,Control
78,1,Control
78,0,Treatment
78,1,Treatment
78,1,Control
78,0,Treatment
78,1,Treatment
78,1,Treatment
78,1,Control
78,1,Treatment
78,0,Treatment
78,1,Control
78,1,Control
78,1,Control
78,1,Treatment
78,0,Treatment
78,1,Control
78,1,Treatment
78,1,Control
78,1,Control
78,1,Control
78,0,Treatment
78,1,Control
78,0,Control
78,1,Control
78,1,Treatment
78,1,Treatment
78,1,Treatment
78,1,Treatment
78,1,Treatment
78,1,Treatment
78,1,Control
78,1,Control
78,1,Treatment
78,1,Treatment
78,1,Control
78,1,Control
78,1,Treatment
78,1,Treatment
78,1,Treatment
78,1,Treatment
78,1,Treatment
78,1,Control
78,1,Control
78,1,Treatment
78,1,Treatment
78,1,Control
78,1,Treatment
78,1,Control
78,0,Control
78,1,Control
78,1,Treatment
78,1,Control
78,1,Control
78,1,Control
78,1,Control
78,1,Treatment
78,1,Treatment
78,1,Treatment
78,1,Control
78,1,Control
79,1,Control
79,0,Treatment
79,1,Treatment
79,1,Treatment
79,1,Treatment
79,1,Control
79,1,Treatment
79,0,Treatment
79,1,Control
79,1,Control
79,0,Treatment
79,1,Treatment
79,0,Control
79,0,Treatment
79,0,Treatment
79,1,Control
79,0,Treatment
79,0,Control
79,1,Treatment
79,1,Treatment
79,1,Control
79,1,Treatment
79,0,Control
79,1,Treatment
79,0,Control
79,0,Control
79,0,Treatment
79,1,Control
79,0,Treatment
79,1,Control
79,0,Treatment
79,0,Control
79,1,Control
79,1,Treatment
79,0,Control
79,1,Control
79,0,Treatment
79,1,Treatment
79,0,Control
79,1,Treatment
79,0,Treatment
79,1,Control
79,1,Treatment
79,1,Treatment
79,0,Control
79,0,Control
79,0,Treatment
79,0,Control
79,0,Treatment
79,0,Control
79,1,Control
79,0,Control
79,1,Control
79,1,Treatment
79,1,Control
79,1,Control
79,1,Control
79,0,Treatment
79,0,Treatment
79,0,Control
79,1,Control
79,0,Control
79,1,Treatment
79,1,Treatment
80,1,Control
80,1,Treatment
80,1,Control
80,0,Control
80,1,Treatment
80,1,Treatment
80,1,Treatment
80,1,Treatment
80,1,Treatment
80,1,Control
80,1,Control
80,1,Treatment
80,1,Control
80,1,Control
80,1,Control
80,1,Control
80,1,Control
80,1,Control
80,1,Treatment
80,1,Control
80,0,Control
80,1,Treatment
80,1,Treatment
80,1,Treatment
80,1,Control
80,1,Control
80,0,Treatment
80,1,Treatment
80,0,Control
80,1,Control
80,1,Treatment
80,0,Treatment
80,1,Control
80,1,Treatment
80,1,Treatment
80,1,Treatment
80,0,Control
80,1,Treatment
80,1,Control
80,0,Treatment
80,1,Treatment
80,1,Control
80,0,Treatment
80,1,Control
80,0,Treatment
80,1,Treatment
80,1,Control
80,1,Treatment
80,1,Control
80,1,Treatment
80,1,Control
80,1,Control
80,1,Treatment
80,1,Treatment
80,1,Treatment
80,1,Control
80,1,Control
80,1,Control
80,1,Treatment
80,1,Treatment
80,1,Control
80,1,Treatment
80,1,Control
80,1,Control
81,1,Control
81,1,Control
81,1,Treatment
81,1,Treatment
81,1,Treatment
81,1,Treatment
81,1,Control
81,1,Control
81,1,Treatment
81,1,Treatment
81,1,Control
81,1,Treatment
81,1,Treatment
81,1,Control
81,1,Treatment
81,1,Treatment
81,1,Control
81,1,Control
81,1,Control
81,1,Treatment
81,1,Treatment
81,1,Control
81,1,Treatment
81,1,Control
81,0,Control
81,0,Control
81,1,Control
81,0,Control
81,1,Treatment
81,0,Control
81,1,Treatment
81,1,Treatment
81,1,Control
81,1,Control
81,1,Treatment
81,1,Control
81,1,Control
81,1,Treatment
81,1,Treatment
81,1,Treatment
81,1,Treatment
81,1,Treatment
81,1,Control
81,0,Control
81,1,Treatment
81,1,Control
81,0,Control
81,1,Control
81,1,Treatment
81,1,Treatment
81,1,Control
81,1,Control
81,1,Treatment
81,1,Treatment
81,1,Control
81,1,Treatment
81,1,Control
81,1,Treatment
81,1,Control
81,1,Treatment
81,1,Treatment
81,1,Treatment
81,1,Control
81,0,Control
82,1,Control
82,1,Treatment
82,1,Control
82,1,Treatment
82,1,Control
82,1,Control
82,1,Control
82,1,Treatment
82,1,Control
82,1,Treatment
82,1,Treatment
82,1,Treatment
82,1,Treatment
82,1,Treatment
82,1,Treatment
82,1,Treatment
82,1,Control
82,1,Treatment
82,1,Control
82,1,Control
82,1,Treatment
82,1,Treatment
82,1,Control
82,1,Control
82,1,Treatment
82,1,Control
82,1,Treatment
82,0,Control
82,1,Treatment
82,1,Treatment
82,1,Treatment
82,1,Treatment
82,1,Treatment
82,1,Control
82,1,Treatment
82,1,Control
82,0,Control
82,1,Control
82,1,Control
82,1,Control
82,0,Treatment
82,0,Control
82,1,Treatment
82,1,Treatment
82,1,Treatment
82,1,Control
82,1,Control
82,1,Control
82,1,Treatment
82,1,Treatment
82,1,Treatment
82,1,Control
82,1,Treatment
82,1,Control
82,1,Treatment
82,0,Control
82,1,Treatment
82,1,Control
82,1,Treatment
82,1,Control
82,1,Control
82,1,Control
82,1,Control
82,1,Control
83,1,Treatment
83,1,Treatment
83,0,Control
83,0,Control
83,1,Control
83,1,Treatment
83,1,Control
83,1,Treatment
83,1,Treatment
83,1,Treatment
83,1,Control
83,1,Treatment
83,1,Treatment
83,1,Treatment
83,1,Control
83,1,Control
83,1,Control
83,1,Treatment
83,1,Control
83,1,Treatment
83,1,Treatment
83,1,Control
83,1,Control
83,1,Control
83,1,Treatment
83,1,Treatment
83,1,Control
83,1,Control
83,1,Control
83,1,Control
83,1,Control
83,1,Treatment
83,1,Control
83,1,Treatment
83,1,Control
83,1,Control
83,1,Control
83,1,Treatment
83,1,Treatment
83,1,Treatment
83,1,Treatment
83,1,Control
83,1,Treatment
83,1,Control
83,1,Control
83,1,Treatment
83,1,Control
83,1,Control
83,1,Treatment
83,1,Treatment
83,1,Control
83,1,Treatment
83,1,Treatment
83,1,Treatment
83,1,Control
83,1,Treatment
83,1,Treatment
83,1,Treatment
83,1,Control
83,1,Treatment
83,1,Control
83,1,Control
83,1,Control
83,1,Treatment
84,1,Control
84,1,Control
84,1,Control
84,1,Treatment
84,1,Treatment
84,1,Treatment
84,1,Control
84,1,Control
84,1,Control
84,1,Control
84,1,Treatment
84,1,Treatment
84,1,Control
84,1,Control
84,1,Control
84,1,Control
84,1,Treatment
84,1,Control
84,1,Treatment
84,1,Control
84,1,Control
84,1,Treatment
84,1,Control
84,1,Treatment
84,1,Control
84,1,Treatment
84,1,Control
84,1,Control
84,1,Control
84,1,Treatment
84,1,Control
84,1,Control
84,1,Control
84,1,Treatment
84,1,Control
84,1,Treatment
84,1,Treatment
84,1,Treatment
84,1,Treatment
84,1,Control
84,1,Treatment
84,1,Treatment
84,0,Treatment
84,1,Treatment
84,1,Control
84,1,Control
84,1,Control
84,1,Control
84,1,Treatment
84,1,Treatment
84,1,Control
84,1,Control
84,1,Treatment
84,1,Treatment
84,1,Treatment
84,1,Treatment
84,1,Control
84,1,Treatment
84,1,Control
84,1,Treatment
84,1,Treatment
84,1,Treatment
84,1,Treatment
84,1,Treatment
85,1,Treatment
85,1,Control
85,1,Control
85,1,Treatment
85,1,Treatment
85,0,Control
85,1,Treatment
85,0,Control
85,1,Treatment
85,1,Control
85,1,Control
85,0,Control
85,1,Treatment
85,1,Treatment
85,1,Control
85,1,Treatment
85,1,Treatment
85,1,Treatment
85,1,Treatment
85,1,Control
85,1,Treatment
85,1,Control
85,1,Treatment
85,1,Treatment
85,1,Control
85,1,Control
85,1,Control
85,1,Control
85,1,Control
85,1,Treatment
85,1,Treatment
85,1,Control
85,1,Treatment
85,1,Control
85,1,Treatment
85,1,Treatment
85,1,Treatment
85,1,Control
85,1,Control
85,1,Control
85,1,Treatment
85,1,Treatment
85,1,Treatment
85,1,Control
85,1,Treatment
85,1,Control
85,1,Treatment
85,1,Treatment
85,1,Treatment
85,1,Control
85,1,Control
85,1,Treatment
85,1,Treatment
85,1,Control
85,1,Control
85,1,Control
85,1,Control
85,1,Control
85,1,Control
85,1,Treatment
85,1,Control
85,0,Treatment
85,1,Treatment
85,1,Control
86,1,Control
86,1,Control
86,0,Control
86,1,Treatment
86,1,Treatment
86,1,Treatment
86,1,Treatment
86,1,Treatment
86,1,Treatment
86,1,Treatment
86,1,Control
86,1,Control
86,1,Control
86,1,Treatment
86,1,Treatment
86,1,Control
86,0,Control
86,1,Treatment
86,1,Control
86,0,Control
86,1,Treatment
86,1,Control
86,1,Control
86,1,Control
86,1,Control
86,1,Control
86,1,Control
86,1,Control
86,1,Treatment
86,1,Control
86,1,Treatment
86,1,Control
86,1,Treatment
86,1,Control
86,1,Treatment
86,1,Treatment
86,1,Control
86,1,Treatment
86,1,Treatment
86,0,Control
86,1,Control
86,1,Treatment
86,1,Control
86,1,Control
86,1,Treatment
86,1,Control
86,1,Treatment
86,1,Treatment
86,1,Control
86,1,Control
86,1,Treatment
86,1,Treatment
86,1,Treatment
86,1,Treatment
86,1,Control
86,1,Treatment
86,1,Treatment
86,1,Treatment
86,1,Treatment
86,1,Treatment
86,0,Control
86,1,Treatment
86,1,Control
86,1,Control
87,1,Control
87,1,Control
87,1,Control
87,1,Control
87,1,Treatment
87,1,Treatment
87,1,Treatment
87,1,Control
87,0,Treatment
87,1,Control
87,0,Control
87,1,Control
87,1,Control
87,1,Treatment
87,1,Treatment
87,1,Treatment
87,1,Control
87,1,Treatment
87,1,Control
87,1,Treatment
87,0,Treatment
87,1,Control
87,1,Treatment
87,1,Treatment
87,1,Control
87,1,Control
87,1,Treatment
87,1,Treatment
87,1,Control
87,1,Treatment
87,1,Treatment
87,0,Control
87,0,Control
87,1,Treatment
87,1,Control
87,1,Treatment
87,1,Treatment
87,1,Control
87,1,Control
87,1,Control
87,1,Control
87,1,Treatment
87,1,Treatment
87,1,Treatment
87,1,Treatment
87,1,Treatment
87,1,Control
87,1,Control
87,1,Control
87,0,Treatment
87,1,Treatment
87,1,Treatment
87,1,Control
87,1,Control
87,1,Treatment
87,1,Control
87,1,Treatment
87,1,Treatment
87,1,Treatment
87,1,Control
87,1,Control
87,1,Treatment
87,1,Control
87,1,Control
88,0,Control
88,1,Treatment
88,1,Treatment
88,1,Control
88,1,Treatment
88,0,Control
88,1,Treatment
88,1,Control
88,1,Treatment
88,1,Control
88,1,Control
88,1,Treatment
88,1,Control
88,0,Control
88,1,Control
88,1,Control
88,1,Treatment
88,0,Treatment
88,1,Treatment
88,1,Treatment
88,0,Control
88,1,Treatment
88,1,Treatment
88,1,Control
88,0,Control
88,1,Control
88,1,Control
88,1,Control
88,0,Control
88,1,Treatment
88,1,Treatment
88,1,Treatment
88,0,Treatment
88,0,Control
88,1,Treatment
88,1,Treatment
88,1,Control
88,1,Treatment
88,1,Control
88,0,Control
88,1,Treatment
88,1,Treatment
88,1,Control
88,1,Control
88,1,Control
88,1,Treatment
88,1,Treatment
88,1,Treatment
88,1,Treatment
88,1,Control
88,1,Treatment
88,1,Control
88,1,Control
88,1,Treatment
88,1,Control
88,0,Control
88,1,Treatment
88,1,Treatment
88,1,Control
88,1,Control
88,1,Treatment
88,1,Control
88,1,Treatment
88,1,Treatment
89,1,Control
89,1,Control
89,1,Control
89,1,Treatment
89,1,Treatment
89,1,Control
89,1,Control
89,1,Control
89,1,Treatment
89,1,Control
89,1,Control
89,1,Control
89,1,Treatment
89,1,Control
89,1,Control
89,0,Treatment
89,1,Control
89,1,Control
89,1,Treatment
89,1,Treatment
89,1,Treatment
89,1,Control
89,1,Control
89,1,Treatment
89,1,Control
89,1,Control
89,1,Control
89,1,Treatment
89,1,Control
89,1,Control
89,1,Treatment
89,1,Treatment
89,1,Treatment
89,0,Treatment
89,1,Treatment
89,1,Treatment
89,1,Treatment
89,1,Treatment
89,1,Treatment
89,1,Treatment
89,1,Treatment
89,1,Control
89,1,Treatment
89,1,Control
89,1,Treatment
89,1,Control
89,1,Treatment
89,1,Treatment
89,1,Treatment
89,1,Treatment
89,1,Treatment
89,1,Treatment
89,0,Control
89,0,Control
89,1,Control
89,1,Control
89,1,Treatment
89,1,Control
89,1,Treatment
89,1,Control
89,1,Control
89,1,Treatment
89,1,Control
89,0,Control
90,1,Treatment
90,1,Treatment
90,1,Treatment
90,1,Treatment
90,1,Treatment
90,1,Treatment
90,1,Control
90,1,Control
90,1,Treatment
90,1,Treatment
90,1,Control
90,1,Treatment
90,0,Treatment
90,1,Control
90,1,Control
90,1,Control
90,1,Treatment
90,1,Control
90,1,Treatment
90,1,Treatment
90,1,Treatment
90,1,Control
90,1,Treatment
90,1,Treatment
90,1,Control
90,1,Treatment
90,1,Control
90,1,Control
90,0,Treatment
90,1,Control
90,1,Treatment
90,1,Control
90,1,Control
90,1,Control
90,1,Control
90,1,Control
90,1,Control
90,1,Treatment
90,1,Treatment
90,1,Control
90,1,Control
90,1,Control
90,1,Treatment
90,0,Control
90,1,Treatment
90,1,Treatment
90,0,Control
90,1,Control
90,0,Treatment
90,1,Control
90,1,Treatment
90,1,Treatment
90,1,Treatment
90,1,Treatment
90,0,Control
90,0,Control
90,1,Control
90,0,Treatment
90,1,Control
90,0,Control
90,1,Treatment
90,1,Control
90,1,Treatment
90,1,Control
91,1,Treatment
91,1,Treatment
91,1,Control
91,1,Control
91,1,Treatment
91,1,Treatment
91,1,Treatment
91,1,Treatment
91,1,Treatment
91,1,Control
91,1,Control
91,1,Control
91,1,Control
91,1,Treatment
91,1,Treatment
91,1,Control
91,1,Treatment
91,1,Treatment
91,1,Control
91,1,Treatment
91,1,Treatment
91,1,Control
91,1,Control
91,1,Control
91,1,Treatment
91,1,Treatment
91,1,Treatment
91,1,Control
91,1,Treatment
91,1,Control
91,1,Treatment
91,1,Treatment
91,1,Treatment
91,1,Control
91,1,Control
91,1,Control
91,1,Treatment
91,1,Control
91,1,Treatment
91,0,Control
91,1,Treatment
91,1,Control
91,1,Control
91,1,Treatment
91,0,Control
91,1,Control
91,0,Control
91,1,Control
91,1,Treatment
91,1,Treatment
91,1,Control
91,1,Control
91,1,Treatment
91,1,Treatment
91,1,Control
91,1,Treatment
91,1,Treatment
91,1,Treatment
91,0,Control
91,1,Treatment
91,0,Control
91,1,Control
91,1,Control
91,0,Control
92,1,Control
92,1,Control
92,1,Control
92,1,Treatment
92,1,Treatment
92,1,Control
92,1,Control
92,0,Control
92,1,Treatment
92,1,Control
92,1,Control
92,1,Treatment
92,1,Control
92,1,Control
92,1,Treatment
92,1,Control
92,1,Control
92,1,Control
92,1,Treatment
92,1,Treatment
92,0,Control
92,1,Control
92,1,Treatment
92,1,Control
92,1,Treatment
92,1,Treatment
92,1,Control
92,1,Treatment
92,1,Treatment
92,1,Treatment
92,1,Treatment
92,1,Control
92,1,Treatment
92,1,Treatment
92,1,Treatment
92,1,Treatment
92,0,Control
92,0,Control
92,1,Control
92,1,Treatment
92,1,Treatment
92,1,Control
92,1,Treatment
92,1,Control
92,1,Control
92,1,Treatment
92,1,Treatment
92,1,Control
92,1,Control
92,1,Treatment
92,1,Treatment
92,1,Control
92,1,Treatment
92,1,Control
92,0,Treatment
92,1,Control
92,1,Control
92,1,Treatment
92,1,Treatment
92,1,Control
92,1,Treatment
92,1,Treatment
92,1,Treatment
92,1,Control
93,1,Treatment
93,1,Control
93,1,Treatment
93,1,Treatment
93,1,Treatment
93,0,Treatment
93,0,Control
93,0,Treatment
93,0,Treatment
93,1,Control
93,1,Control
93,1,Treatment
93,1,Treatment
93,0,Treatment
93,1,Treatment
93,1,Control
93,1,Control
93,1,Treatment
93,0,Control
93,1,Control
93,0,Treatment
93,1,Control
93,0,Treatment
93,1,Control
93,1,Control
93,1,Treatment
93,1,Control
93,1,Treatment
93,1,Control
93,1,Treatment
93,0,Treatment
93,1,Treatment
93,1,Control
93,0,Control
93,1,Control
93,1,Control
93,0,Treatment
93,1,Treatment
93,1,Treatment
93,1,Control
93,1,Control
93,1,Treatment
93,1,Control
93,1,Treatment
93,1,Control
93,1,Treatment
93,0,Control
93,0,Treatment
93,1,Treatment
93,0,Control
93,1,Treatment
93,0,Control
93,1,Control
93,1,Control
93,1,Treatment
93,1,Control
93,0,Treatment
93,1,Treatment
93,1,Control
93,1,Control
93,0,Control
93,1,Control
93,1,Treatment
93,1,Control
94,1,Treatment
94,1,Treatment
94,1,Control
94,1,Treatment
94,1,Treatment
94,1,Treatment
94,1,Control
94,1,Treatment
94,1,Treatment
94,1,Control
94,1,Control
94,1,Treatment
94,1,Control
94,0,Control
94,1,Control
94,1,Control
94,1,Treatment
94,1,Treatment
94,1,Treatment
94,0,Treatment
94,1,Treatment
94,1,Control
94,1,Treatment
94,1,Treatment
94,1,Treatment
94,1,Control
94,1,Control
94,1,Treatment
94,1,Control
94,1,Treatment
94,1,Control
94,1,Control
94,0,Control
94,1,Treatment
94,1,Control
94,1,Control
94,1,Control
94,1,Treatment
94,1,Control
94,1,Treatment
94,1,Control
94,1,Treatment
94,1,Treatment
94,1,Treatment
94,0,Control
94,1,Control
94,1,Treatment
94,1,Control
94,1,Control
94,1,Treatment
94,1,Control
94,1,Treatment
94,1,Treatment
94,1,Control
94,1,Treatment
94,1,Control
94,1,Control
94,1,Treatment
94,1,Control
94,1,Control
94,1,Control
94,1,Treatment
94,1,Control
94,1,Treatment
95,1,Treatment
95,1,Treatment
95,1,Control
95,1,Treatment
95,1,Control
95,1,Control
95,1,Control
95,1,Treatment
95,0,Treatment
95,1,Treatment
95,1,Treatment
95,1,Treatment
95,1,Control
95,1,Control
95,1,Control
95,0,Control
95,1,Treatment
95,0,Control
95,1,Control
95,1,Control
95,1,Treatment
95,1,Control
95,0,Control
95,1,Treatment
95,1,Treatment
95,0,Control
95,1,Treatment
95,1,Treatment
95,1,Treatment
95,1,Control
95,1,Control
95,1,Control
95,1,Treatment
95,1,Treatment
95,1,Control
95,1,Treatment
95,1,Control
95,1,Control
95,0,Control
95,1,Treatment
95,1,Treatment
95,1,Control
95,1,Treatment
95,1,Treatment
95,1,Control
95,1,Control
95,1,Treatment
95,1,Control
95,1,Control
95,1,Treatment
95,1,Control
95,1,Treatment
95,1,Control
95,1,Control
95,1,Treatment
95,1,Treatment
95,1,Control
95,1,Treatment
95,1,Control
95,1,Treatment
95,0,Treatment
95,1,Control
95,1,Treatment
95,1,Treatment
96,1,Control
96,1,Treatment
96,1,Treatment
96,1,Control
96,1,Control
96,1,Treatment
96,1,Control
96,1,Treatment
96,1,Treatment
96,1,Control
96,1,Treatment
96,1,Control
96,1,Treatment
96,1,Treatment
96,1,Control
96,1,Control
96,1,Treatment
96,1,Treatment
96,1,Control
96,1,Control
96,1,Treatment
96,1,Control
96,1,Control
96,1,Treatment
96,0,Control
96,1,Treatment
96,1,Control
96,1,Treatment
96,1,Control
96,1,Control
96,0,Control
96,1,Treatment
96,1,Treatment
96,1,Treatment
96,1,Control
96,0,Control
96,1,Treatment
96,1,Treatment
96,1,Treatment
96,1,Treatment
96,1,Control
96,1,Control
96,1,Control
96,1,Control
96,1,Treatment
96,1,Treatment
96,1,Control
96,0,Treatment
96,0,Control
96,0,Control
96,1,Control
96,1,Control
96,1,Treatment
96,1,Control
96,1,Control
96,1,Treatment
96,1,Treatment
96,1,Treatment
96,1,Treatment
96,1,Treatment
96,0,Control
96,1,Treatment
96,1,Control
96,1,Treatment
97,1,Control
97,1,Treatment
97,1,Treatment
97,0,Control
97,0,Treatment
97,0,Treatment
97,1,Control
97,1,Control
97,1,Control
97,1,Treatment
97,1,Control
97,1,Treatment
97,1,Treatment
97,1,Treatment
97,1,Treatment
97,1,Control
97,1,Treatment
97,0,Control
97,0,Control
97,1,Control
97,0,Treatment
97,0,Control
97,0,Treatment
97,1,Control
97,1,Treatment
97,0,Control
97,1,Control
97,1,Control
97,1,Control
97,1,Control
97,1,Treatment
97,1,Control
97,1,Control
97,0,Treatment
97,1,Control
97,1,Control
97,0,Treatment
97,1,Treatment
97,1,Treatment
97,1,Treatment
97,0,Control
97,1,Treatment
97,1,Treatment
97,1,Treatment
97,1,Treatment
97,1,Control
97,1,Control
97,1,Treatment
97,0,Control
97,1,Treatment
97,1,Control
97,1,Control
97,1,Control
97,1,Treatment
97,0,Treatment
97,1,Control
97,1,Treatment
97,1,Control
97,1,Treatment
97,1,Treatment
97,1,Treatment
97,1,Control
97,1,Treatment
97,1,Control