Subject,Accuracy,Age Group,Treatment Condition
1,1,Older,Control
1,1,Older,Control
1,1,Older,Control
1,1,Older,Control
1,0,Older,Control
1,0,Older,Control
1,1,Older,Control
1,0,Older,Control
1,0,Older,Control
1,1,Older,Control
1,1,Older,Control
1,1,Older,Control
1,1,Older,Control
1,1,Older,Control
1,1,Older,Control
1,0,Older,Control
1,1,Older,Control
1,1,Older,Control
1,1,Older,Control
1,1,Older,Control
1,1,Older,Control
1,0,Older,Control
1,1,Older,Control
1,1,Older,Control
1,1,Older,Control
1,1,Older,Control
1,1,Older,Control
1,0,Older,Control
1,1,Older,Control
1,0,Older,Control
1,1,Older,Control
1,0,Older,Control
2,1,Older,Control
2,0,Older,Control
2,1,Older,Control
2,0,Older,Control
2,0,Older,Control
2,0,Older,Control
2,0,Older,Control
2,1,Older,Control
2,0,Older,Control
2,0,Older,Control
2,0,Older,Control
2,0,Older,Control
2,1,Older,Control
2,1,Older,Control
2,1,Older,Control
2,0,Older,Control
2,0,Older,Control
2,0,Older,Control
2,1,Older,Control
2,0,Older,Control
2,1,Older,Control
2,1,Older,Control
2,1,Older,Control
2,0,Older,Control
2,0,Older,Control
2,0,Older,Control
2,1,Older,Control
2,0,Older,Control
2,0,Older,Control
2,0,Older,Control
2,1,Older,Control
2,1,Older,Control
3,1,Older,Control
3,1,Older,Control
3,0,Older,Control
3,1,Older,Control
3,1,Older,Control
3,1,Older,Control
3,1,Older,Control
3,1,Older,Control
3,1,Older,Control
3,1,Older,Control
3,1,Older,Control
3,0,Older,Control
3,0,Older,Control
3,1,Older,Control
3,1,Older,Control
3,0,Older,Control
3,0,Older,Control
3,0,Older,Control
3,0,Older,Control
3,1,Older,Control
3,1,Older,Control
3,1,Older,Control
3,0,Older,Control
3,1,Older,Control
3,0,Older,Control
3,1,Older,Control
3,1,Older,Control
3,1,Older,Control
3,0,Older,Control
3,0,Older,Control
3,1,Older,Control
3,1,Older,Control
4,1,Older,Control
4,0,Older,Control
4,0,Older,Control
4,1,Older,Control
4,1,Older,Control
4,1,Older,Control
4,1,Older,Control
4,1,Older,Control
4,1,Older,Control
4,1,Older,Control
4,1,Older,Control
4,0,Older,Control
4,1,Older,Control
4,1,Older,Control
4,1,Older,Control
4,1,Older,Control
4,0,Older,Control
4,1,Older,Control
4,1,Older,Control
4,1,Older,Control
4,1,Older,Control
4,0,Older,Control
4,1,Older,Control
4,1,Older,Control
4,0,Older,Control
4,1,Older,Control
4,0,Older,Control
4,0,Older,Control
4,1,Older,Control
4,1,Older,Control
4,1,Older,Control
4,1,Older,Control
5,0,Older,Control
5,1,Older,Control
5,1,Older,Control
5,1,Older,Control
5,1,Older,Control
5,1,Older,Control
5,1,Older,Control
5,1,Older,Control
5,1,Older,Control
5,0,Older,Control
5,1,Older,Control
5,1,Older,Control
5,0,Older,Control
5,1,Older,Control
5,0,Older,Control
5,0,Older,Control
5,1,Older,Control
5,1,Older,Control
5,1,Older,Control
5,1,Older,Control
5,1,Older,Control
5,0,Older,Control
5,1,Older,Control
5,1,Older,Control
5,1,Older,Control
5,1,Older,Control
5,0,Older,Control
5,1,Older,Control
5,1,Older,Control
5,1,Older,Control
5,1,Older,Control
5,0,Older,Control
6,0,Older,Control
6,0,Older,Control
6,1,Older,Control
6,0,Older,Control
6,0,Older,Control
6,1,Older,Control
6,1,Older,Control
6,1,Older,Control
6,1,Older,Control
6,0,Older,Control
6,0,Older,Control
6,1,Older,Control
6,1,Older,Control
6,0,Older,Control
6,1,Older,Control
6,1,Older,Control
6,1,Older,Control
6,1,Older,Control
6,1,Older,Control
6,1,Older,Control
6,0,Older,Control
6,0,Older,Control
6,0,Older,Control
6,1,Older,Control
6,1,Older,Control
6,1,Older,Control
6,1,Older,Control
6,1,Older,Control
6,1,Older,Control
6,1,Older,Control
6,0,Older,Control
6,1,Older,Control
7,1,Older,Control
7,1,Older,Control
7,1,Older,Control
7,1,Older,Control
7,1,Older,Control
7,1,Older,Control
7,1,Older,Control
7,1,Older,Control
7,1,Older,Control
7,1,Older,Control
7,1,Older,Control
7,1,Older,Control
7,1,Older,Control
7,1,Older,Control
7,1,Older,Control
7,1,Older,Control
7,1,Older,Control
7,1,Older,Control
7,1,Older,Control
7,1,Older,Control
7,1,Older,Control
7,1,Older,Control
7,1,Older,Control
7,1,Older,Control
7,1,Older,Control
7,1,Older,Control
7,1,Older,Control
7,1,Older,Control
7,1,Older,Control
7,1,Older,Control
7,1,Older,Control
7,1,Older,Control
8,1,Older,Control
8,1,Older,Control
8,0,Older,Control
8,1,Older,Control
8,0,Older,Control
8,0,Older,Control
8,0,Older,Control
8,1,Older,Control
8,1,Older,Control
8,1,Older,Control
8,1,Older,Control
8,0,Older,Control
8,1,Older,Control
8,1,Older,Control
8,1,Older,Control
8,1,Older,Control
8,0,Older,Control
8,1,Older,Control
8,1,Older,Control
8,1,Older,Control
8,1,Older,Control
8,1,Older,Control
8,1,Older,Control
8,1,Older,Control
8,1,Older,Control
8,1,Older,Control
8,1,Older,Control
8,0,Older,Control
8,1,Older,Control
8,1,Older,Control
8,1,Older,Control
8,0,Older,Control
9,1,Older,Control
9,0,Older,Control
9,1,Older,Control
9,1,Older,Control
9,0,Older,Control
9,1,Older,Control
9,1,Older,Control
9,1,Older,Control
9,1,Older,Control
9,0,Older,Control
9,0,Older,Control
9,1,Older,Control
9,1,Older,Control
9,1,Older,Control
9,1,Older,Control
9,1,Older,Control
9,1,Older,Control
9,0,Older,Control
9,1,Older,Control
9,0,Older,Control
9,1,Older,Control
9,1,Older,Control
9,1,Older,Control
9,1,Older,Control
9,0,Older,Control
9,0,Older,Control
9,0,Older,Control
9,1,Older,Control
9,1,Older,Control
9,1,Older,Control
9,0,Older,Control
9,0,Older,Control
10,1,Older,Control
10,0,Older,Control
10,1,Older,Control
10,0,Older,Control
10,1,Older,Control
10,1,Older,Control
10,1,Older,Control
10,1,Older,Control
10,1,Older,Control
10,1,Older,Control
10,1,Older,Control
10,0,Older,Control
10,0,Older,Control
10,0,Older,Control
10,1,Older,Control
10,1,Older,Control
10,1,Older,Control
10,1,Older,Control
10,1,Older,Control
10,1,Older,Control
10,1,Older,Control
10,1,Older,Control
10,1,Older,Control
10,1,Older,Control
10,0,Older,Control
10,1,Older,Control
10,1,Older,Control
10,1,Older,Control
10,1,Older,Control
10,1,Older,Control
10,1,Older,Control
10,0,Older,Control
11,0,Older,Control
11,1,Older,Control
11,0,Older,Control
11,1,Older,Control
11,1,Older,Control
11,1,Older,Control
11,1,Older,Control
11,1,Older,Control
11,1,Older,Control
11,1,Older,Control
11,1,Older,Control
11,1,Older,Control
11,1,Older,Control
11,0,Older,Control
11,1,Older,Control
11,1,Older,Control
11,1,Older,Control
11,0,Older,Control
11,1,Older,Control
11,1,Older,Control
11,1,Older,Control
11,0,Older,Control
11,1,Older,Control
11,0,Older,Control
11,1,Older,Control
11,1,Older,Control
11,1,Older,Control
11,1,Older,Control
11,1,Older,Control
11,1,Older,Control
11,0,Older,Control
11,0,Older,Control
12,1,Older,Control
12,1,Older,Control
12,0,Older,Control
12,1,Older,Control
12,0,Older,Control
12,0,Older,Control
12,0,Older,Control
12,0,Older,Control
12,1,Older,Control
12,0,Older,Control
12,1,Older,Control
12,1,Older,Control
12,1,Older,Control
12,1,Older,Control
12,1,Older,Control
12,0,Older,Control
12,1,Older,Control
12,0,Older,Control
12,1,Older,Control
12,1,Older,Control
12,1,Older,Control
12,1,Older,Control
12,1,Older,Control
12,0,Older,Control
12,1,Older,Control
12,1,Older,Control
12,1,Older,Control
12,1,Older,Control
12,1,Older,Control
12,1,Older,Control
12,1,Older,Control
12,1,Older,Control
13,1,Older,Control
13,1,Older,Control
13,1,Older,Control
13,1,Older,Control
13,1,Older,Control
13,1,Older,Control
13,1,Older,Control
13,0,Older,Control
13,0,Older,Control
13,1,Older,Control
13,1,Older,Control
13,1,Older,Control
13,1,Older,Control
13,1,Older,Control
13,1,Older,Control
13,1,Older,Control
13,1,Older,Control
13,1,Older,Control
13,0,Older,Control
13,1,Older,Control
13,1,Older,Control
13,1,Older,Control
13,1,Older,Control
13,1,Older,Control
13,1,Older,Control
13,1,Older,Control
13,0,Older,Control
13,1,Older,Control
13,1,Older,Control
13,0,Older,Control
13,1,Older,Control
13,0,Older,Control
14,1,Older,Control
14,1,Older,Control
14,1,Older,Control
14,1,Older,Control
14,1,Older,Control
14,1,Older,Control
14,1,Older,Control
14,1,Older,Control
14,1,Older,Control
14,1,Older,Control
14,1,Older,Control
14,1,Older,Control
14,1,Older,Control
14,1,Older,Control
14,1,Older,Control
14,1,Older,Control
14,1,Older,Control
14,1,Older,Control
14,1,Older,Control
14,1,Older,Control
14,1,Older,Control
14,1,Older,Control
14,1,Older,Control
14,1,Older,Control
14,1,Older,Control
14,1,Older,Control
14,1,Older,Control
14,1,Older,Control
14,1,Older,Control
14,1,Older,Control
14,1,Older,Control
14,1,Older,Control
15,1,Older,Control
15,1,Older,Control
15,1,Older,Control
15,1,Older,Control
15,1,Older,Control
15,0,Older,Control
15,1,Older,Control
15,1,Older,Control
15,1,Older,Control
15,0,Older,Control
15,1,Older,Control
15,1,Older,Control
15,1,Older,Control
15,0,Older,Control
15,0,Older,Control
15,1,Older,Control
15,1,Older,Control
15,1,Older,Control
15,1,Older,Control
15,1,Older,Control
15,1,Older,Control
15,1,Older,Control
15,0,Older,Control
15,1,Older,Control
15,1,Older,Control
15,1,Older,Control
15,0,Older,Control
15,1,Older,Control
15,1,Older,Control
15,1,Older,Control
15,1,Older,Control
15,1,Older,Control
16,1,Older,Control
16,0,Older,Control
16,1,Older,Control
16,1,Older,Control
16,1,Older,Control
16,1,Older,Control
16,1,Older,Control
16,1,Older,Control
16,1,Older,Control
16,1,Older,Control
16,1,Older,Control
16,1,Older,Control
16,1,Older,Control
16,1,Older,Control
16,1,Older,Control
16,1,Older,Control
16,1,Older,Control
16,1,Older,Control
16,0,Older,Control
16,1,Older,Control
16,1,Older,Control
16,0,Older,Control
16,1,Older,Control
16,1,Older,Control
16,1,Older,Control
16,0,Older,Control
16,1,Older,Control
16,1,Older,Control
16,1,Older,Control
16,0,Older,Control
16,0,Older,Control
16,1,Older,Control
17,0,Older,Control
17,1,Older,Control
17,1,Older,Control
17,1,Older,Control
17,1,Older,Control
17,1,Older,Control
17,1,Older,Control
17,1,Older,Control
17,1,Older,Control
17,1,Older,Control
17,0,Older,Control
17,1,Older,Control
17,1,Older,Control
17,1,Older,Control
17,1,Older,Control
17,1,Older,Control
17,1,Older,Control
17,1,Older,Control
17,0,Older,Control
17,1,Older,Control
17,0,Older,Control
17,0,Older,Control
17,1,Older,Control
17,1,Older,Control
17,1,Older,Control
17,0,Older,Control
17,1,Older,Control
17,1,Older,Control
17,1,Older,Control
17,1,Older,Control
17,1,Older,Control
17,1,Older,Control
18,1,Older,Control
18,1,Older,Control
18,0,Older,Control
18,1,Older,Control
18,0,Older,Control
18,1,Older,Control
18,1,Older,Control
18,1,Older,Control
18,0,Older,Control
18,1,Older,Control
18,1,Older,Control
18,1,Older,Control
18,0,Older,Control
18,1,Older,Control
18,1,Older,Control
18,0,Older,Control
18,0,Older,Control
18,1,Older,Control
18,1,Older,Control
18,1,Older,Control
18,0,Older,Control
18,1,Older,Control
18,1,Older,Control
18,1,Older,Control
18,0,Older,Control
18,1,Older,Control
18,1,Older,Control
18,1,Older,Control
18,1,Older,Control
18,1,Older,Control
18,1,Older,Control
18,1,Older,Control
19,1,Older,Control
19,0,Older,Control
19,1,Older,Control
19,1,Older,Control
19,1,Older,Control
19,1,Older,Control
19,1,Older,Control
19,1,Older,Control
19,1,Older,Control
19,1,Older,Control
19,1,Older,Control
19,1,Older,Control
19,1,Older,Control
19,1,Older,Control
19,1,Older,Control
19,1,Older,Control
19,1,Older,Control
19,1,Older,Control
19,1,Older,Control
19,1,Older,Control
19,1,Older,Control
19,1,Older,Control
19,0,Older,Control
19,1,Older,Control
19,1,Older,Control
19,1,Older,Control
19,1,Older,Control
19,1,Older,Control
19,1,Older,Control
19,1,Older,Control
19,1,Older,Control
19,1,Older,Control
20,0,Older,Control
20,1,Older,Control
20,1,Older,Control
20,1,Older,Control
20,1,Older,Control
20,1,Older,Control
20,1,Older,Control
20,1,Older,Control
20,0,Older,Control
20,1,Older,Control
20,1,Older,Control
20,0,Older,Control
20,1,Older,Control
20,1,Older,Control
20,1,Older,Control
20,1,Older,Control
20,1,Older,Control
20,1,Older,Control
20,0,Older,Control
20,0,Older,Control
20,0,Older,Control
20,1,Older,Control
20,0,Older,Control
20,0,Older,Control
20,1,Older,Control
20,0,Older,Control
20,0,Older,Control
20,1,Older,Control
20,0,Older,Control
20,0,Older,Control
20,0,Older,Control
20,0,Older,Control
21,1,Older,Control
21,1,Older,Control
21,1,Older,Control
21,1,Older,Control
21,1,Older,Control
21,1,Older,Control
21,1,Older,Control
21,0,Older,Control
21,1,Older,Control
21,1,Older,Control
21,1,Older,Control
21,1,Older,Control
21,1,Older,Control
21,1,Older,Control
21,1,Older,Control
21,1,Older,Control
21,1,Older,Control
21,1,Older,Control
21,1,Older,Control
21,1,Older,Control
21,1,Older,Control
21,1,Older,Control
21,1,Older,Control
21,1,Older,Control
21,1,Older,Control
21,1,Older,Control
21,1,Older,Control
21,1,Older,Control
21,0,Older,Control
21,1,Older,Control
21,1,Older,Control
21,1,Older,Control
22,0,Older,Control
22,1,Older,Control
22,1,Older,Control
22,1,Older,Control
22,1,Older,Control
22,1,Older,Control
22,1,Older,Control
22,1,Older,Control
22,0,Older,Control
22,1,Older,Control
22,1,Older,Control
22,1,Older,Control
22,0,Older,Control
22,1,Older,Control
22,0,Older,Control
22,1,Older,Control
22,1,Older,Control
22,1,Older,Control
22,1,Older,Control
22,1,Older,Control
22,1,Older,Control
22,1,Older,Control
22,0,Older,Control
22,1,Older,Control
22,1,Older,Control
22,1,Older,Control
22,1,Older,Control
22,1,Older,Control
22,1,Older,Control
22,1,Older,Control
22,1,Older,Control
22,1,Older,Control
23,1,Older,Control
23,1,Older,Control
23,1,Older,Control
23,1,Older,Control
23,1,Older,Control
23,1,Older,Control
23,1,Older,Control
23,0,Older,Control
23,1,Older,Control
23,1,Older,Control
23,1,Older,Control
23,1,Older,Control
23,1,Older,Control
23,1,Older,Control
23,1,Older,Control
23,1,Older,Control
23,1,Older,Control
23,1,Older,Control
23,1,Older,Control
23,1,Older,Control
23,1,Older,Control
23,0,Older,Control
23,0,Older,Control
23,1,Older,Control
23,1,Older,Control
23,1,Older,Control
23,1,Older,Control
23,1,Older,Control
23,1,Older,Control
23,1,Older,Control
23,1,Older,Control
23,0,Older,Control
24,1,Older,Control
24,1,Older,Control
24,1,Older,Control
24,1,Older,Control
24,1,Older,Control
24,1,Older,Control
24,0,Older,Control
24,1,Older,Control
24,1,Older,Control
24,1,Older,Control
24,1,Older,Control
24,1,Older,Control
24,0,Older,Control
24,1,Older,Control
24,0,Older,Control
24,1,Older,Control
24,1,Older,Control
24,0,Older,Control
24,1,Older,Control
24,1,Older,Control
24,1,Older,Control
24,1,Older,Control
24,1,Older,Control
24,1,Older,Control
24,1,Older,Control
24,1,Older,Control
24,1,Older,Control
24,1,Older,Control
24,1,Older,Control
24,0,Older,Control
24,1,Older,Control
24,1,Older,Control
25,1,Older,Control
25,1,Older,Control
25,1,Older,Control
25,1,Older,Control
25,1,Older,Control
25,1,Older,Control
25,1,Older,Control
25,1,Older,Control
25,1,Older,Control
25,1,Older,Control
25,1,Older,Control
25,1,Older,Control
25,1,Older,Control
25,0,Older,Control
25,1,Older,Control
25,1,Older,Control
25,1,Older,Control
25,1,Older,Control
25,0,Older,Control
25,1,Older,Control
25,1,Older,Control
25,1,Older,Control
25,1,Older,Control
25,1,Older,Control
25,1,Older,Control
25,1,Older,Control
25,0,Older,Control
25,1,Older,Control
25,1,Older,Control
25,1,Older,Control
25,0,Older,Control
25,1,Older,Control
26,1,Older,Treatment
26,1,Older,Treatment
26,1,Older,Treatment
26,1,Older,Treatment
26,1,Older,Treatment
26,1,Older,Treatment
26,1,Older,Treatment
26,1,Older,Treatment
26,1,Older,Treatment
26,1,Older,Treatment
26,1,Older,Treatment
26,1,Older,Treatment
26,1,Older,Treatment
26,1,Older,Treatment
26,1,Older,Treatment
26,1,Older,Treatment
26,1,Older,Treatment
26,1,Older,Treatment
26,0,Older,Treatment
26,1,Older,Treatment
26,1,Older,Treatment
26,1,Older,Treatment
26,1,Older,Treatment
26,1,Older,Treatment
26,0,Older,Treatment
26,1,Older,Treatment
26,1,Older,Treatment
26,1,Older,Treatment
26,1,Older,Treatment
26,1,Older,Treatment
26,1,Older,Treatment
26,1,Older,Treatment
27,1,Older,Treatment
27,1,Older,Treatment
27,0,Older,Treatment
27,1,Older,Treatment
27,0,Older,Treatment
27,1,Older,Treatment
27,1,Older,Treatment
27,1,Older,Treatment
27,1,Older,Treatment
27,0,Older,Treatment
27,1,Older,Treatment
27,1,Older,Treatment
27,0,Older,Treatment
27,0,Older,Treatment
27,0,Older,Treatment
27,0,Older,Treatment
27,0,Older,Treatment
27,0,Older,Treatment
27,1,Older,Treatment
27,1,Older,Treatment
27,1,Older,Treatment
27,0,Older,Treatment
27,0,Older,Treatment
27,1,Older,Treatment
27,0,Older,Treatment
27,0,Older,Treatment
27,0,Older,Treatment
27,0,Older,Treatment
27,1,Older,Treatment
27,1,Older,Treatment
27,1,Older,Treatment
27,0,Older,Treatment
28,0,Older,Treatment
28,0,Older,Treatment
28,1,Older,Treatment
28,1,Older,Treatment
28,1,Older,Treatment
28,0,Older,Treatment
28,1,Older,Treatment
28,1,Older,Treatment
28,1,Older,Treatment
28,1,Older,Treatment
28,1,Older,Treatment
28,1,Older,Treatment
28,0,Older,Treatment
28,0,Older,Treatment
28,1,Older,Treatment
28,0,Older,Treatment
28,1,Older,Treatment
28,1,Older,Treatment
28,0,Older,Treatment
28,1,Older,Treatment
28,1,Older,Treatment
28,0,Older,Treatment
28,1,Older,Treatment
28,1,Older,Treatment
28,0,Older,Treatment
28,1,Older,Treatment
28,0,Older,Treatment
28,1,Older,Treatment
28,0,Older,Treatment
28,1,Older,Treatment
28,1,Older,Treatment
28,1,Older,Treatment
29,1,Older,Treatment
29,1,Older,Treatment
29,1,Older,Treatment
29,1,Older,Treatment
29,0,Older,Treatment
29,1,Older,Treatment
29,1,Older,Treatment
29,1,Older,Treatment
29,1,Older,Treatment
29,1,Older,Treatment
29,1,Older,Treatment
29,1,Older,Treatment
29,1,Older,Treatment
29,1,Older,Treatment
29,1,Older,Treatment
29,1,Older,Treatment
29,1,Older,Treatment
29,1,Older,Treatment
29,1,Older,Treatment
29,1,Older,Treatment
29,1,Older,Treatment
29,1,Older,Treatment
29,1,Older,Treatment
29,1,Older,Treatment
29,1,Older,Treatment
29,1,Older,Treatment
29,1,Older,Treatment
29,1,Older,Treatment
29,1,Older,Treatment
29,1,Older,Treatment
29,1,Older,Treatment
29,1,Older,Treatment
30,0,Older,Treatment
30,1,Older,Treatment
30,1,Older,Treatment
30,1,Older,Treatment
30,1,Older,Treatment
30,1,Older,Treatment
30,1,Older,Treatment
30,1,Older,Treatment
30,1,Older,Treatment
30,1,Older,Treatment
30,1,Older,Treatment
30,1,Older,Treatment
30,0,Older,Treatment
30,0,Older,Treatment
30,1,Older,Treatment
30,1,Older,Treatment
30,1,Older,Treatment
30,1,Older,Treatment
30,1,Older,Treatment
30,1,Older,Treatment
30,1,Older,Treatment
30,1,Older,Treatment
30,1,Older,Treatment
30,1,Older,Treatment
30,1,Older,Treatment
30,1,Older,Treatment
30,1,Older,Treatment
30,1,Older,Treatment
30,1,Older,Treatment
30,1,Older,Treatment
30,1,Older,Treatment
30,1,Older,Treatment
31,1,Older,Treatment
31,0,Older,Treatment
31,1,Older,Treatment
31,1,Older,Treatment
31,1,Older,Treatment
31,1,Older,Treatment
31,1,Older,Treatment
31,1,Older,Treatment
31,1,Older,Treatment
31,1,Older,Treatment
31,1,Older,Treatment
31,1,Older,Treatment
31,1,Older,Treatment
31,1,Older,Treatment
31,1,Older,Treatment
31,1,Older,Treatment
31,1,Older,Treatment
31,1,Older,Treatment
31,1,Older,Treatment
31,1,Older,Treatment
31,1,Older,Treatment
31,0,Older,Treatment
31,0,Older,Treatment
31,1,Older,Treatment
31,1,Older,Treatment
31,1,Older,Treatment
31,1,Older,Treatment
31,1,Older,Treatment
31,1,Older,Treatment
31,0,Older,Treatment
31,1,Older,Treatment
31,1,Older,Treatment
32,1,Older,Treatment
32,1,Older,Treatment
32,1,Older,Treatment
32,1,Older,Treatment
32,1,Older,Treatment
32,1,Older,Treatment
32,0,Older,Treatment
32,1,Older,Treatment
32,1,Older,Treatment
32,1,Older,Treatment
32,1,Older,Treatment
32,1,Older,Treatment
32,1,Older,Treatment
32,1,Older,Treatment
32,1,Older,Treatment
32,1,Older,Treatment
32,1,Older,Treatment
32,1,Older,Treatment
32,1,Older,Treatment
32,1,Older,Treatment
32,1,Older,Treatment
32,1,Older,Treatment
32,1,Older,Treatment
32,1,Older,Treatment
32,1,Older,Treatment
32,1,Older,Treatment
32,1,Older,Treatment
32,1,Older,Treatment
32,1,Older,Treatment
32,1,Older,Treatment
32,0,Older,Treatment
32,1,Older,Treatment
33,1,Older,Treatment
33,1,Older,Treatment
33,0,Older,Treatment
33,1,Older,Treatment
33,1,Older,Treatment
33,1,Older,Treatment
33,1,Older,Treatment
33,0,Older,Treatment
33,1,Older,Treatment
33,1,Older,Treatment
33,1,Older,Treatment
33,0,Older,Treatment
33,1,Older,Treatment
33,1,Older,Treatment
33,0,Older,Treatment
33,1,Older,Treatment
33,1,Older,Treatment
33,1,Older,Treatment
33,1,Older,Treatment
33,1,Older,Treatment
33,0,Older,Treatment
33,1,Older,Treatment
33,1,Older,Treatment
33,1,Older,Treatment
33,1,Older,Treatment
33,1,Older,Treatment
33,1,Older,Treatment
33,1,Older,Treatment
33,1,Older,Treatment
33,1,Older,Treatment
33,1,Older,Treatment
33,1,Older,Treatment
34,1,Older,Treatment
34,0,Older,Treatment
34,0,Older,Treatment
34,0,Older,Treatment
34,0,Older,Treatment
34,1,Older,Treatment
34,0,Older,Treatment
34,1,Older,Treatment
34,1,Older,Treatment
34,1,Older,Treatment
34,0,Older,Treatment
34,0,Older,Treatment
34,1,Older,Treatment
34,1,Older,Treatment
34,1,Older,Treatment
34,1,Older,Treatment
34,1,Older,Treatment
34,1,Older,Treatment
34,1,Older,Treatment
34,1,Older,Treatment
34,0,Older,Treatment
34,1,Older,Treatment
34,0,Older,Treatment
34,1,Older,Treatment
34,0,Older,Treatment
34,1,Older,Treatment
34,1,Older,Treatment
34,1,Older,Treatment
34,0,Older,Treatment
34,1,Older,Treatment
34,0,Older,Treatment
34,1,Older,Treatment
35,1,Older,Treatment
35,1,Older,Treatment
35,1,Older,Treatment
35,0,Older,Treatment
35,1,Older,Treatment
35,1,Older,Treatment
35,1,Older,Treatment
35,1,Older,Treatment
35,1,Older,Treatment
35,1,Older,Treatment
35,0,Older,Treatment
35,0,Older,Treatment
35,0,Older,Treatment
35,1,Older,Treatment
35,1,Older,Treatment
35,1,Older,Treatment
35,1,Older,Treatment
35,1,Older,Treatment
35,1,Older,Treatment
35,1,Older,Treatment
35,1,Older,Treatment
35,1,Older,Treatment
35,0,Older,Treatment
35,1,Older,Treatment
35,1,Older,Treatment
35,1,Older,Treatment
35,0,Older,Treatment
35,1,Older,Treatment
35,1,Older,Treatment
35,1,Older,Treatment
35,1,Older,Treatment
35,1,Older,Treatment
36,1,Older,Treatment
36,1,Older,Treatment
36,1,Older,Treatment
36,1,Older,Treatment
36,1,Older,Treatment
36,1,Older,Treatment
36,1,Older,Treatment
36,1,Older,Treatment
36,1,Older,Treatment
36,1,Older,Treatment
36,1,Older,Treatment
36,1,Older,Treatment
36,1,Older,Treatment
36,1,Older,Treatment
36,1,Older,Treatment
36,1,Older,Treatment
36,1,Older,Treatment
36,1,Older,Treatment
36,0,Older,Treatment
36,0,Older,Treatment
36,1,Older,Treatment
36,1,Older,Treatment
36,1,Older,Treatment
36,1,Older,Treatment
36,1,Older,Treatment
36,1,Older,Treatment
36,1,Older,Treatment
36,1,Older,Treatment
36,1,Older,Treatment
36,1,Older,Treatment
36,1,Older,Treatment
36,1,Older,Treatment
37,1,Older,Treatment
37,1,Older,Treatment
37,1,Older,Treatment
37,1,Older,Treatment
37,1,Older,Treatment
37,1,Older,Treatment
37,1,Older,Treatment
37,1,Older,Treatment
37,1,Older,Treatment
37,1,Older,Treatment
37,1,Older,Treatment
37,1,Older,Treatment
37,1,Older,Treatment
37,1,Older,Treatment
37,1,Older,Treatment
37,1,Older,Treatment
37,1,Older,Treatment
37,1,Older,Treatment
37,1,Older,Treatment
37,1,Older,Treatment
37,1,Older,Treatment
37,1,Older,Treatment
37,0,Older,Treatment
37,0,Older,Treatment
37,1,Older,Treatment
37,1,Older,Treatment
37,1,Older,Treatment
37,1,Older,Treatment
37,1,Older,Treatment
37,1,Older,Treatment
37,1,Older,Treatment
37,1,Older,Treatment
38,1,Older,Treatment
38,1,Older,Treatment
38,1,Older,Treatment
38,1,Older,Treatment
38,1,Older,Treatment
38,1,Older,Treatment
38,1,Older,Treatment
38,1,Older,Treatment
38,1,Older,Treatment
38,1,Older,Treatment
38,1,Older,Treatment
38,1,Older,Treatment
38,0,Older,Treatment
38,1,Older,Treatment
38,1,Older,Treatment
38,1,Older,Treatment
38,1,Older,Treatment
38,1,Older,Treatment
38,0,Older,Treatment
38,1,Older,Treatment
38,1,Older,Treatment
38,1,Older,Treatment
38,1,Older,Treatment
38,1,Older,Treatment
38,1,Older,Treatment
38,0,Older,Treatment
38,1,Older,Treatment
38,1,Older,Treatment
38,1,Older,Treatment
38,1,Older,Treatment
38,1,Older,Treatment
38,1,Older,Treatment
39,1,Older,Treatment
39,1,Older,Treatment
39,1,Older,Treatment
39,0,Older,Treatment
39,0,Older,Treatment
39,1,Older,Treatment
39,1,Older,Treatment
39,1,Older,Treatment
39,1,Older,Treatment
39,1,Older,Treatment
39,0,Older,Treatment
39,1,Older,Treatment
39,0,Older,Treatment
39,1,Older,Treatment
39,0,Older,Treatment
39,0,Older,Treatment
39,1,Older,Treatment
39,1,Older,Treatment
39,0,Older,Treatment
39,1,Older,Treatment
39,1,Older,Treatment
39,0,Older,Treatment
39,1,Older,Treatment
39,1,Older,Treatment
39,1,Older,Treatment
39,1,Older,Treatment
39,1,Older,Treatment
39,0,Older,Treatment
39,0,Older,Treatment
39,0,Older,Treatment
39,1,Older,Treatment
39,0,Older,Treatment
40,1,Older,Treatment
40,1,Older,Treatment
40,1,Older,Treatment
40,1,Older,Treatment
40,1,Older,Treatment
40,0,Older,Treatment
40,1,Older,Treatment
40,1,Older,Treatment
40,1,Older,Treatment
40,1,Older,Treatment
40,1,Older,Treatment
40,1,Older,Treatment
40,1,Older,Treatment
40,1,Older,Treatment
40,0,Older,Treatment
40,1,Older,Treatment
40,1,Older,Treatment
40,1,Older,Treatment
40,1,Older,Treatment
40,0,Older,Treatment
40,1,Older,Treatment
40,1,Older,Treatment
40,1,Older,Treatment
40,1,Older,Treatment
40,1,Older,Treatment
40,1,Older,Treatment
40,1,Older,Treatment
40,1,Older,Treatment
40,1,Older,Treatment
40,1,Older,Treatment
40,1,Older,Treatment
40,1,Older,Treatment
41,1,Older,Treatment
41,0,Older,Treatment
41,1,Older,Treatment
41,0,Older,Treatment
41,0,Older,Treatment
41,0,Older,Treatment
41,1,Older,Treatment
41,1,Older,Treatment
41,0,Older,Treatment
41,1,Older,Treatment
41,1,Older,Treatment
41,1,Older,Treatment
41,1,Older,Treatment
41,1,Older,Treatment
41,0,Older,Treatment
41,1,Older,Treatment
41,1,Older,Treatment
41,1,Older,Treatment
41,1,Older,Treatment
41,1,Older,Treatment
41,1,Older,Treatment
41,1,Older,Treatment
41,1,Older,Treatment
41,1,Older,Treatment
41,1,Older,Treatment
41,1,Older,Treatment
41,1,Older,Treatment
41,1,Older,Treatment
41,1,Older,Treatment
41,1,Older,Treatment
41,0,Older,Treatment
41,1,Older,Treatment
42,1,Older,Treatment
42,1,Older,Treatment
42,1,Older,Treatment
42,1,Older,Treatment
42,1,Older,Treatment
42,0,Older,Treatment
42,1,Older,Treatment
42,1,Older,Treatment
42,1,Older,Treatment
42,1,Older,Treatment
42,1,Older,Treatment
42,1,Older,Treatment
42,1,Older,Treatment
42,1,Older,Treatment
42,0,Older,Treatment
42,1,Older,Treatment
42,1,Older,Treatment
42,1,Older,Treatment
42,1,Older,Treatment
42,1,Older,Treatment
42,1,Older,Treatment
42,1,Older,Treatment
42,1,Older,Treatment
42,1,Older,Treatment
42,1,Older,Treatment
42,1,Older,Treatment
42,1,Older,Treatment
42,1,Older,Treatment
42,1,Older,Treatment
42,0,Older,Treatment
42,1,Older,Treatment
42,1,Older,Treatment
43,1,Older,Treatment
43,1,Older,Treatment
43,1,Older,Treatment
43,1,Older,Treatment
43,1,Older,Treatment
43,1,Older,Treatment
43,1,Older,Treatment
43,1,Older,Treatment
43,1,Older,Treatment
43,1,Older,Treatment
43,0,Older,Treatment
43,1,Older,Treatment
43,1,Older,Treatment
43,1,Older,Treatment
43,1,Older,Treatment
43,1,Older,Treatment
43,1,Older,Treatment
43,1,Older,Treatment
43,1,Older,Treatment
43,0,Older,Treatment
43,1,Older,Treatment
43,1,Older,Treatment
43,1,Older,Treatment
43,1,Older,Treatment
43,1,Older,Treatment
43,1,Older,Treatment
43,1,Older,Treatment
43,1,Older,Treatment
43,1,Older,Treatment
43,1,Older,Treatment
43,1,Older,Treatment
43,1,Older,Treatment
44,1,Older,Treatment
44,1,Older,Treatment
44,1,Older,Treatment
44,1,Older,Treatment
44,1,Older,Treatment
44,1,Older,Treatment
44,0,Older,Treatment
44,1,Older,Treatment
44,1,Older,Treatment
44,0,Older,Treatment
44,1,Older,Treatment
44,1,Older,Treatment
44,1,Older,Treatment
44,1,Older,Treatment
44,1,Older,Treatment
44,0,Older,Treatment
44,1,Older,Treatment
44,0,Older,Treatment
44,0,Older,Treatment
44,1,Older,Treatment
44,1,Older,Treatment
44,1,Older,Treatment
44,1,Older,Treatment
44,0,Older,Treatment
44,1,Older,Treatment
44,1,Older,Treatment
44,1,Older,Treatment
44,1,Older,Treatment
44,1,Older,Treatment
44,1,Older,Treatment
44,1,Older,Treatment
44,1,Older,Treatment
45,1,Older,Treatment
45,0,Older,Treatment
45,1,Older,Treatment
45,1,Older,Treatment
45,0,Older,Treatment
45,1,Older,Treatment
45,1,Older,Treatment
45,1,Older,Treatment
45,1,Older,Treatment
45,1,Older,Treatment
45,1,Older,Treatment
45,1,Older,Treatment
45,1,Older,Treatment
45,1,Older,Treatment
45,1,Older,Treatment
45,1,Older,Treatment
45,1,Older,Treatment
45,1,Older,Treatment
45,1,Older,Treatment
45,1,Older,Treatment
45,1,Older,Treatment
45,1,Older,Treatment
45,1,Older,Treatment
45,1,Older,Treatment
45,1,Older,Treatment
45,1,Older,Treatment
45,1,Older,Treatment
45,1,Older,Treatment
45,1,Older,Treatment
45,1,Older,Treatment
45,1,Older,Treatment
45,1,Older,Treatment
46,1,Older,Treatment
46,1,Older,Treatment
46,1,Older,Treatment
46,0,Older,Treatment
46,0,Older,Treatment
46,1,Older,Treatment
46,0,Older,Treatment
46,1,Older,Treatment
46,0,Older,Treatment
46,1,Older,Treatment
46,1,Older,Treatment
46,1,Older,Treatment
46,1,Older,Treatment
46,1,Older,Treatment
46,1,Older,Treatment
46,1,Older,Treatment
46,1,Older,Treatment
46,1,Older,Treatment
46,1,Older,Treatment
46,1,Older,Treatment
46,1,Older,Treatment
46,1,Older,Treatment
46,1,Older,Treatment
46,1,Older,Treatment
46,0,Older,Treatment
46,1,Older,Treatment
46,1,Older,Treatment
46,1,Older,Treatment
46,1,Older,Treatment
46,1,Older,Treatment
46,1,Older,Treatment
46,1,Older,Treatment
47,1,Older,Treatment
47,1,Older,Treatment
47,1,Older,Treatment
47,1,Older,Treatment
47,1,Older,Treatment
47,1,Older,Treatment
47,1,Older,Treatment
47,1,Older,Treatment
47,0,Older,Treatment
47,1,Older,Treatment
47,1,Older,Treatment
47,1,Older,Treatment
47,1,Older,Treatment
47,1,Older,Treatment
47,1,Older,Treatment
47,1,Older,Treatment
47,1,Older,Treatment
47,1,Older,Treatment
47,1,Older,Treatment
47,0,Older,Treatment
47,1,Older,Treatment
47,0,Older,Treatment
47,1,Older,Treatment
47,1,Older,Treatment
47,1,Older,Treatment
47,0,Older,Treatment
47,0,Older,Treatment
47,1,Older,Treatment
47,1,Older,Treatment
47,1,Older,Treatment
47,1,Older,Treatment
47,0,Older,Treatment
48,1,Older,Treatment
48,1,Older,Treatment
48,0,Older,Treatment
48,1,Older,Treatment
48,1,Older,Treatment
48,0,Older,Treatment
48,1,Older,Treatment
48,1,Older,Treatment
48,1,Older,Treatment
48,1,Older,Treatment
48,1,Older,Treatment
48,1,Older,Treatment
48,1,Older,Treatment
48,1,Older,Treatment
48,0,Older,Treatment
48,1,Older,Treatment
48,1,Older,Treatment
48,1,Older,Treatment
48,1,Older,Treatment
48,0,Older,Treatment
48,1,Older,Treatment
48,1,Older,Treatment
48,1,Older,Treatment
48,1,Older,Treatment
48,1,Older,Treatment
48,0,Older,Treatment
48,1,Older,Treatment
48,1,Older,Treatment
48,1,Older,Treatment
48,1,Older,Treatment
48,1,Older,Treatment
48,1,Older,Treatment
49,1,Older,Treatment
49,1,Older,Treatment
49,1,Older,Treatment
49,0,Older,Treatment
49,1,Older,Treatment
49,1,Older,Treatment
49,1,Older,Treatment
49,1,Older,Treatment
49,1,Older,Treatment
49,1,Older,Treatment
49,1,Older,Treatment
49,1,Older,Treatment
49,1,Older,Treatment
49,1,Older,Treatment
49,1,Older,Treatment
49,1,Older,Treatment
49,1,Older,Treatment
49,1,Older,Treatment
49,1,Older,Treatment
49,0,Older,Treatment
49,1,Older,Treatment
49,0,Older,Treatment
49,1,Older,Treatment
49,1,Older,Treatment
49,1,Older,Treatment
49,1,Older,Treatment
49,1,Older,Treatment
49,1,Older,Treatment
49,1,Older,Treatment
49,1,Older,Treatment
49,1,Older,Treatment
49,1,Older,Treatment
50,1,Older,Treatment
50,0,Older,Treatment
50,1,Older,Treatment
50,1,Older,Treatment
50,1,Older,Treatment
50,0,Older,Treatment
50,1,Older,Treatment
50,1,Older,Treatment
50,1,Older,Treatment
50,1,Older,Treatment
50,1,Older,Treatment
50,1,Older,Treatment
50,0,Older,Treatment
50,1,Older,Treatment
50,1,Older,Treatment
50,1,Older,Treatment
50,0,Older,Treatment
50,1,Older,Treatment
50,1,Older,Treatment
50,0,Older,Treatment
50,1,Older,Treatment
50,1,Older,Treatment
50,1,Older,Treatment
50,1,Older,Treatment
50,1,Older,Treatment
50,1,Older,Treatment
50,1,Older,Treatment
50,1,Older,Treatment
50,1,Older,Treatment
50,1,Older,Treatment
50,1,Older,Treatment
50,1,Older,Treatment
51,1,Older,Treatment
51,1,Older,Treatment
51,1,Older,Treatment
51,1,Older,Treatment
51,1,Older,Treatment
51,0,Older,Treatment
51,1,Older,Treatment
51,1,Older,Treatment
51,1,Older,Treatment
51,1,Older,Treatment
51,1,Older,Treatment
51,1,Older,Treatment
51,1,Older,Treatment
51,1,Older,Treatment
51,1,Older,Treatment
51,1,Older,Treatment
51,1,Older,Treatment
51,1,Older,Treatment
51,1,Older,Treatment
51,1,Older,Treatment
51,1,Older,Treatment
51,1,Older,Treatment
51,0,Older,Treatment
51,0,Older,Treatment
51,1,Older,Treatment
51,1,Older,Treatment
51,1,Older,Treatment
51,1,Older,Treatment
51,1,Older,Treatment
51,1,Older,Treatment
51,1,Older,Treatment
51,1,Older,Treatment
52,1,Older,Treatment
52,1,Older,Treatment
52,1,Older,Treatment
52,1,Older,Treatment
52,1,Older,Treatment
52,1,Older,Treatment
52,1,Older,Treatment
52,1,Older,Treatment
52,1,Older,Treatment
52,1,Older,Treatment
52,1,Older,Treatment
52,1,Older,Treatment
52,1,Older,Treatment
52,1,Older,Treatment
52,1,Older,Treatment
52,1,Older,Treatment
52,1,Older,Treatment
52,1,Older,Treatment
52,1,Older,Treatment
52,1,Older,Treatment
52,1,Older,Treatment
52,1,Older,Treatment
52,1,Older,Treatment
52,1,Older,Treatment
52,1,Older,Treatment
52,1,Older,Treatment
52,1,Older,Treatment
52,1,Older,Treatment
52,1,Older,Treatment
52,1,Older,Treatment
52,1,Older,Treatment
52,1,Older,Treatment
53,1,Younger,Control
53,1,Younger,Control
53,0,Younger,Control
53,1,Younger,Control
53,1,Younger,Control
53,1,Younger,Control
53,1,Younger,Control
53,1,Younger,Control
53,1,Younger,Control
53,1,Younger,Control
53,1,Younger,Control
53,1,Younger,Control
53,1,Younger,Control
53,1,Younger,Control
53,1,Younger,Control
53,1,Younger,Control
53,1,Younger,Control
53,0,Younger,Control
53,1,Younger,Control
53,1,Younger,Control
53,1,Younger,Control
53,0,Younger,Control
53,1,Younger,Control
53,1,Younger,Control
53,1,Younger,Control
53,1,Younger,Control
53,1,Younger,Control
53,1,Younger,Control
53,1,Younger,Control
53,1,Younger,Control
53,1,Younger,Control
53,1,Younger,Control
54,1,Younger,Control
54,1,Younger,Control
54,0,Younger,Control
54,1,Younger,Control
54,1,Younger,Control
54,1,Younger,Control
54,1,Younger,Control
54,1,Younger,Control
54,1,Younger,Control
54,1,Younger,Control
54,1,Younger,Control
54,1,Younger,Control
54,1,Younger,Control
54,1,Younger,Control
54,1,Younger,Control
54,1,Younger,Control
54,1,Younger,Control
54,1,Younger,Control
54,1,Younger,Control
54,1,Younger,Control
54,1,Younger,Control
54,1,Younger,Control
54,1,Younger,Control
54,1,Younger,Control
54,1,Younger,Control
54,1,Younger,Control
54,1,Younger,Control
54,1,Younger,Control
54,1,Younger,Control
54,1,Younger,Control
54,1,Younger,Control
54,1,Younger,Control
55,1,Younger,Control
55,1,Younger,Control
55,1,Younger,Control
55,1,Younger,Control
55,1,Younger,Control
55,1,Younger,Control
55,0,Younger,Control
55,1,Younger,Control
55,1,Younger,Control
55,1,Younger,Control
55,1,Younger,Control
55,1,Younger,Control
55,1,Younger,Control
55,1,Younger,Control
55,1,Younger,Control
55,1,Younger,Control
55,1,Younger,Control
55,1,Younger,Control
55,1,Younger,Control
55,1,Younger,Control
55,1,Younger,Control
55,1,Younger,Control
55,1,Younger,Control
55,1,Younger,Control
55,1,Younger,Control
55,1,Younger,Control
55,1,Younger,Control
55,1,Younger,Control
55,1,Younger,Control
55,1,Younger,Control
55,1,Younger,Control
55,1,Younger,Control
56,1,Younger,Control
56,1,Younger,Control
56,1,Younger,Control
56,1,Younger,Control
56,1,Younger,Control
56,1,Younger,Control
56,1,Younger,Control
56,1,Younger,Control
56,1,Younger,Control
56,1,Younger,Control
56,1,Younger,Control
56,1,Younger,Control
56,1,Younger,Control
56,1,Younger,Control
56,1,Younger,Control
56,1,Younger,Control
56,1,Younger,Control
56,1,Younger,Control
56,1,Younger,Control
56,1,Younger,Control
56,1,Younger,Control
56,0,Younger,Control
56,1,Younger,Control
56,1,Younger,Control
56,1,Younger,Control
56,1,Younger,Control
56,1,Younger,Control
56,1,Younger,Control
56,1,Younger,Control
56,1,Younger,Control
56,1,Younger,Control
56,1,Younger,Control
57,1,Younger,Control
57,1,Younger,Control
57,1,Younger,Control
57,1,Younger,Control
57,1,Younger,Control
57,1,Younger,Control
57,1,Younger,Control
57,1,Younger,Control
57,1,Younger,Control
57,1,Younger,Control
57,1,Younger,Control
57,1,Younger,Control
57,1,Younger,Control
57,1,Younger,Control
57,1,Younger,Control
57,1,Younger,Control
57,1,Younger,Control
57,1,Younger,Control
57,1,Younger,Control
57,1,Younger,Control
57,1,Younger,Control
57,1,Younger,Control
57,1,Younger,Control
57,1,Younger,Control
57,1,Younger,Control
57,0,Younger,Control
57,0,Younger,Control
57,1,Younger,Control
57,0,Younger,Control
57,0,Younger,Control
57,1,Younger,Control
57,1,Younger,Control
58,1,Younger,Control
58,1,Younger,Control
58,1,Younger,Control
58,1,Younger,Control
58,1,Younger,Control
58,1,Younger,Control
58,0,Younger,Control
58,1,Younger,Control
58,1,Younger,Control
58,1,Younger,Control
58,1,Younger,Control
58,1,Younger,Control
58,1,Younger,Control
58,1,Younger,Control
58,1,Younger,Control
58,1,Younger,Control
58,1,Younger,Control
58,1,Younger,Control
58,1,Younger,Control
58,1,Younger,Control
58,1,Younger,Control
58,1,Younger,Control
58,1,Younger,Control
58,1,Younger,Control
58,1,Younger,Control
58,1,Younger,Control
58,1,Younger,Control
58,1,Younger,Control
58,1,Younger,Control
58,1,Younger,Control
58,1,Younger,Control
58,1,Younger,Control
59,1,Younger,Control
59,1,Younger,Control
59,1,Younger,Control
59,1,Younger,Control
59,0,Younger,Control
59,0,Younger,Control
59,1,Younger,Control
59,1,Younger,Control
59,1,Younger,Control
59,0,Younger,Control
59,1,Younger,Control
59,1,Younger,Control
59,1,Younger,Control
59,1,Younger,Control
59,1,Younger,Control
59,1,Younger,Control
59,1,Younger,Control
59,1,Younger,Control
59,1,Younger,Control
59,1,Younger,Control
59,1,Younger,Control
59,1,Younger,Control
59,1,Younger,Control
59,1,Younger,Control
59,1,Younger,Control
59,1,Younger,Control
59,1,Younger,Control
59,1,Younger,Control
59,1,Younger,Control
59,1,Younger,Control
59,1,Younger,Control
59,1,Younger,Control
60,1,Younger,Control
60,1,Younger,Control
60,1,Younger,Control
60,1,Younger,Control
60,1,Younger,Control
60,1,Younger,Control
60,1,Younger,Control
60,1,Younger,Control
60,1,Younger,Control
60,1,Younger,Control
60,0,Younger,Control
60,1,Younger,Control
60,1,Younger,Control
60,1,Younger,Control
60,1,Younger,Control
60,1,Younger,Control
60,1,Younger,Control
60,1,Younger,Control
60,0,Younger,Control
60,0,Younger,Control
60,1,Younger,Control
60,1,Younger,Control
60,1,Younger,Control
60,1,Younger,Control
60,1,Younger,Control
60,1,Younger,Control
60,0,Younger,Control
60,1,Younger,Control
60,1,Younger,Control
60,1,Younger,Control
60,1,Younger,Control
60,1,Younger,Control
61,1,Younger,Control
61,1,Younger,Control
61,1,Younger,Control
61,1,Younger,Control
61,1,Younger,Control
61,1,Younger,Control
61,1,Younger,Control
61,1,Younger,Control
61,1,Younger,Control
61,1,Younger,Control
61,1,Younger,Control
61,1,Younger,Control
61,1,Younger,Control
61,1,Younger,Control
61,1,Younger,Control
61,1,Younger,Control
61,1,Younger,Control
61,1,Younger,Control
61,0,Younger,Control
61,1,Younger,Control
61,1,Younger,Control
61,1,Younger,Control
61,1,Younger,Control
61,1,Younger,Control
61,1,Younger,Control
61,1,Younger,Control
61,1,Younger,Control
61,1,Younger,Control
61,1,Younger,Control
61,1,Younger,Control
61,1,Younger,Control
61,1,Younger,Control
62,1,Younger,Control
62,1,Younger,Control
62,1,Younger,Control
62,1,Younger,Control
62,1,Younger,Control
62,0,Younger,Control
62,1,Younger,Control
62,1,Younger,Control
62,1,Younger,Control
62,1,Younger,Control
62,1,Younger,Control
62,1,Younger,Control
62,1,Younger,Control
62,1,Younger,Control
62,1,Younger,Control
62,1,Younger,Control
62,1,Younger,Control
62,1,Younger,Control
62,1,Younger,Control
62,1,Younger,Control
62,1,Younger,Control
62,1,Younger,Control
62,1,Younger,Control
62,1,Younger,Control
62,1,Younger,Control
62,1,Younger,Control
62,1,Younger,Control
62,1,Younger,Control
62,1,Younger,Control
62,1,Younger,Control
62,1,Younger,Control
62,1,Younger,Control
63,0,Younger,Control
63,1,Younger,Control
63,1,Younger,Control
63,1,Younger,Control
63,0,Younger,Control
63,1,Younger,Control
63,1,Younger,Control
63,1,Younger,Control
63,1,Younger,Control
63,1,Younger,Control
63,1,Younger,Control
63,1,Younger,Control
63,1,Younger,Control
63,1,Younger,Control
63,0,Younger,Control
63,1,Younger,Control
63,1,Younger,Control
63,0,Younger,Control
63,1,Younger,Control
63,1,Younger,Control
63,1,Younger,Control
63,1,Younger,Control
63,0,Younger,Control
63,1,Younger,Control
63,0,Younger,Control
63,1,Younger,Control
63,0,Younger,Control
63,1,Younger,Control
63,1,Younger,Control
63,0,Younger,Control
63,1,Younger,Control
63,0,Younger,Control
64,1,Younger,Control
64,1,Younger,Control
64,1,Younger,Control
64,1,Younger,Control
64,1,Younger,Control
64,0,Younger,Control
64,1,Younger,Control
64,1,Younger,Control
64,1,Younger,Control
64,1,Younger,Control
64,1,Younger,Control
64,1,Younger,Control
64,1,Younger,Control
64,1,Younger,Control
64,1,Younger,Control
64,1,Younger,Control
64,1,Younger,Control
64,1,Younger,Control
64,1,Younger,Control
64,1,Younger,Control
64,1,Younger,Control
64,0,Younger,Control
64,1,Younger,Control
64,1,Younger,Control
64,1,Younger,Control
64,1,Younger,Control
64,1,Younger,Control
64,1,Younger,Control
64,1,Younger,Control
64,0,Younger,Control
64,1,Younger,Control
64,1,Younger,Control
65,1,Younger,Control
65,1,Younger,Control
65,1,Younger,Control
65,1,Younger,Control
65,1,Younger,Control
65,1,Younger,Control
65,1,Younger,Control
65,1,Younger,Control
65,1,Younger,Control
65,1,Younger,Control
65,1,Younger,Control
65,1,Younger,Control
65,1,Younger,Control
65,1,Younger,Control
65,1,Younger,Control
65,1,Younger,Control
65,1,Younger,Control
65,1,Younger,Control
65,1,Younger,Control
65,1,Younger,Control
65,1,Younger,Control
65,1,Younger,Control
65,1,Younger,Control
65,0,Younger,Control
65,1,Younger,Control
65,1,Younger,Control
65,1,Younger,Control
65,1,Younger,Control
65,1,Younger,Control
65,1,Younger,Control
65,1,Younger,Control
65,1,Younger,Control
66,1,Younger,Control
66,1,Younger,Control
66,1,Younger,Control
66,1,Younger,Control
66,1,Younger,Control
66,1,Younger,Control
66,1,Younger,Control
66,1,Younger,Control
66,1,Younger,Control
66,1,Younger,Control
66,1,Younger,Control
66,1,Younger,Control
66,1,Younger,Control
66,1,Younger,Control
66,1,Younger,Control
66,1,Younger,Control
66,1,Younger,Control
66,1,Younger,Control
66,1,Younger,Control
66,1,Younger,Control
66,1,Younger,Control
66,1,Younger,Control
66,1,Younger,Control
66,1,Younger,Control
66,1,Younger,Control
66,1,Younger,Control
66,1,Younger,Control
66,1,Younger,Control
66,1,Younger,Control
66,1,Younger,Control
66,1,Younger,Control
66,1,Younger,Control
67,1,Younger,Control
67,1,Younger,Control
67,1,Younger,Control
67,1,Younger,Control
67,1,Younger,Control
67,1,Younger,Control
67,1,Younger,Control
67,1,Younger,Control
67,1,Younger,Control
67,1,Younger,Control
67,1,Younger,Control
67,1,Younger,Control
67,1,Younger,Control
67,1,Younger,Control
67,1,Younger,Control
67,1,Younger,Control
67,0,Younger,Control
67,1,Younger,Control
67,1,Younger,Control
67,1,Younger,Control
67,1,Younger,Control
67,1,Younger,Control
67,1,Younger,Control
67,1,Younger,Control
67,1,Younger,Control
67,1,Younger,Control
67,1,Younger,Control
67,1,Younger,Control
67,1,Younger,Control
67,1,Younger,Control
67,1,Younger,Control
67,1,Younger,Control
68,1,Younger,Control
68,1,Younger,Control
68,0,Younger,Control
68,1,Younger,Control
68,0,Younger,Control
68,1,Younger,Control
68,1,Younger,Control
68,0,Younger,Control
68,1,Younger,Control
68,1,Younger,Control
68,1,Younger,Control
68,1,Younger,Control
68,1,Younger,Control
68,1,Younger,Control
68,1,Younger,Control
68,1,Younger,Control
68,1,Younger,Control
68,1,Younger,Control
68,1,Younger,Control
68,1,Younger,Control
68,1,Younger,Control
68,1,Younger,Control
68,0,Younger,Control
68,1,Younger,Control
68,1,Younger,Control
68,1,Younger,Control
68,1,Younger,Control
68,1,Younger,Control
68,1,Younger,Control
68,1,Younger,Control
68,1,Younger,Control
68,1,Younger,Control
69,1,Younger,Control
69,1,Younger,Control
69,1,Younger,Control
69,1,Younger,Control
69,1,Younger,Control
69,1,Younger,Control
69,1,Younger,Control
69,1,Younger,Control
69,1,Younger,Control
69,1,Younger,Control
69,1,Younger,Control
69,1,Younger,Control
69,1,Younger,Control
69,1,Younger,Control
69,1,Younger,Control
69,1,Younger,Control
69,0,Younger,Control
69,1,Younger,Control
69,1,Younger,Control
69,1,Younger,Control
69,1,Younger,Control
69,0,Younger,Control
69,1,Younger,Control
69,1,Younger,Control
69,1,Younger,Control
69,0,Younger,Control
69,1,Younger,Control
69,1,Younger,Control
69,1,Younger,Control
69,1,Younger,Control
69,1,Younger,Control
69,0,Younger,Control
70,1,Younger,Control
70,1,Younger,Control
70,1,Younger,Control
70,1,Younger,Control
70,1,Younger,Control
70,1,Younger,Control
70,1,Younger,Control
70,1,Younger,Control
70,0,Younger,Control
70,1,Younger,Control
70,1,Younger,Control
70,1,Younger,Control
70,1,Younger,Control
70,1,Younger,Control
70,0,Younger,Control
70,1,Younger,Control
70,1,Younger,Control
70,1,Younger,Control
70,1,Younger,Control
70,1,Younger,Control
70,1,Younger,Control
70,0,Younger,Control
70,1,Younger,Control
70,1,Younger,Control
70,1,Younger,Control
70,1,Younger,Control
70,1,Younger,Control
70,0,Younger,Control
70,1,Younger,Control
70,0,Younger,Control
70,1,Younger,Control
70,1,Younger,Control
71,1,Younger,Control
71,1,Younger,Control
71,1,Younger,Control
71,1,Younger,Control
71,1,Younger,Control
71,1,Younger,Control
71,1,Younger,Control
71,1,Younger,Control
71,1,Younger,Control
71,1,Younger,Control
71,1,Younger,Control
71,1,Younger,Control
71,1,Younger,Control
71,1,Younger,Control
71,1,Younger,Control
71,1,Younger,Control
71,1,Younger,Control
71,1,Younger,Control
71,1,Younger,Control
71,1,Younger,Control
71,1,Younger,Control
71,1,Younger,Control
71,1,Younger,Control
71,1,Younger,Control
71,1,Younger,Control
71,1,Younger,Control
71,1,Younger,Control
71,1,Younger,Control
71,1,Younger,Control
71,1,Younger,Control
71,1,Younger,Control
71,1,Younger,Control
72,1,Younger,Control
72,1,Younger,Control
72,1,Younger,Control
72,1,Younger,Control
72,1,Younger,Control
72,1,Younger,Control
72,1,Younger,Control
72,1,Younger,Control
72,1,Younger,Control
72,1,Younger,Control
72,1,Younger,Control
72,1,Younger,Control
72,1,Younger,Control
72,1,Younger,Control
72,1,Younger,Control
72,1,Younger,Control
72,1,Younger,Control
72,1,Younger,Control
72,1,Younger,Control
72,1,Younger,Control
72,1,Younger,Control
72,1,Younger,Control
72,1,Younger,Control
72,1,Younger,Control
72,1,Younger,Control
72,1,Younger,Control
72,1,Younger,Control
72,1,Younger,Control
72,1,Younger,Control
72,1,Younger,Control
72,1,Younger,Control
72,1,Younger,Control
73,0,Younger,Control
73,1,Younger,Control
73,1,Younger,Control
73,1,Younger,Control
73,1,Younger,Control
73,0,Younger,Control
73,1,Younger,Control
73,1,Younger,Control
73,1,Younger,Control
73,1,Younger,Control
73,1,Younger,Control
73,1,Younger,Control
73,1,Younger,Control
73,1,Younger,Control
73,1,Younger,Control
73,0,Younger,Control
73,1,Younger,Control
73,1,Younger,Control
73,1,Younger,Control
73,1,Younger,Control
73,1,Younger,Control
73,1,Younger,Control
73,1,Younger,Control
73,1,Younger,Control
73,1,Younger,Control
73,1,Younger,Control
73,1,Younger,Control
73,1,Younger,Control
73,1,Younger,Control
73,1,Younger,Control
73,1,Younger,Control
73,1,Younger,Control
74,1,Younger,Control
74,0,Younger,Control
74,1,Younger,Control
74,1,Younger,Control
74,1,Younger,Control
74,1,Younger,Control
74,1,Younger,Control
74,1,Younger,Control
74,1,Younger,Control
74,1,Younger,Control
74,1,Younger,Control
74,1,Younger,Control
74,1,Younger,Control
74,1,Younger,Control
74,1,Younger,Control
74,1,Younger,Control
74,1,Younger,Control
74,1,Younger,Control
74,1,Younger,Control
74,1,Younger,Control
74,1,Younger,Control
74,1,Younger,Control
74,1,Younger,Control
74,1,Younger,Control
74,1,Younger,Control
74,1,Younger,Control
74,1,Younger,Control
74,1,Younger,Control
74,1,Younger,Control
74,1,Younger,Control
74,1,Younger,Control
74,1,Younger,Control
75,1,Younger,Control
75,1,Younger,Control
75,1,Younger,Control
75,1,Younger,Control
75,1,Younger,Control
75,1,Younger,Control
75,1,Younger,Control
75,1,Younger,Control
75,1,Younger,Control
75,1,Younger,Control
75,1,Younger,Control
75,1,Younger,Control
75,1,Younger,Control
75,1,Younger,Control
75,1,Younger,Control
75,1,Younger,Control
75,1,Younger,Control
75,1,Younger,Control
75,1,Younger,Control
75,1,Younger,Control
75,0,Younger,Control
75,1,Younger,Control
75,1,Younger,Control
75,1,Younger,Control
75,1,Younger,Control
75,1,Younger,Control
75,1,Younger,Control
75,1,Younger,Control
75,1,Younger,Control
75,1,Younger,Control
75,1,Younger,Control
75,1,Younger,Control
76,1,Younger,Control
76,0,Younger,Control
76,1,Younger,Control
76,0,Younger,Control
76,0,Younger,Control
76,1,Younger,Control
76,1,Younger,Control
76,0,Younger,Control
76,1,Younger,Control
76,1,Younger,Control
76,1,Younger,Control
76,1,Younger,Control
76,1,Younger,Control
76,1,Younger,Control
76,0,Younger,Control
76,1,Younger,Control
76,1,Younger,Control
76,1,Younger,Control
76,0,Younger,Control
76,1,Younger,Control
76,0,Younger,Control
76,1,Younger,Control
76,1,Younger,Control
76,1,Younger,Control
76,1,Younger,Control
76,1,Younger,Control
76,1,Younger,Control
76,1,Younger,Control
76,1,Younger,Control
76,1,Younger,Control
76,1,Younger,Control
76,1,Younger,Control
77,1,Younger,Treatment
77,1,Younger,Treatment
77,1,Younger,Treatment
77,1,Younger,Treatment
77,1,Younger,Treatment
77,1,Younger,Treatment
77,1,Younger,Treatment
77,1,Younger,Treatment
77,1,Younger,Treatment
77,1,Younger,Treatment
77,1,Younger,Treatment
77,1,Younger,Treatment
77,1,Younger,Treatment
77,1,Younger,Treatment
77,1,Younger,Treatment
77,1,Younger,Treatment
77,1,Younger,Treatment
77,1,Younger,Treatment
77,1,Younger,Treatment
77,1,Younger,Treatment
77,1,Younger,Treatment
77,1,Younger,Treatment
77,1,Younger,Treatment
77,1,Younger,Treatment
77,0,Younger,Treatment
77,1,Younger,Treatment
77,1,Younger,Treatment
77,1,Younger,Treatment
77,1,Younger,Treatment
77,1,Younger,Treatment
77,1,Younger,Treatment
77,1,Younger,Treatment
78,1,Younger,Treatment
78,1,Younger,Treatment
78,1,Younger,Treatment
78,1,Younger,Treatment
78,1,Younger,Treatment
78,1,Younger,Treatment
78,1,Younger,Treatment
78,1,Younger,Treatment
78,1,Younger,Treatment
78,1,Younger,Treatment
78,1,Younger,Treatment
78,1,Younger,Treatment
78,1,Younger,Treatment
78,1,Younger,Treatment
78,1,Younger,Treatment
78,1,Younger,Treatment
78,1,Younger,Treatment
78,1,Younger,Treatment
78,1,Younger,Treatment
78,1,Younger,Treatment
78,1,Younger,Treatment
78,1,Younger,Treatment
78,1,Younger,Treatment
78,1,Younger,Treatment
78,1,Younger,Treatment
78,1,Younger,Treatment
78,1,Younger,Treatment
78,1,Younger,Treatment
78,1,Younger,Treatment
78,1,Younger,Treatment
78,1,Younger,Treatment
78,1,Younger,Treatment
79,1,Younger,Treatment
79,1,Younger,Treatment
79,1,Younger,Treatment
79,1,Younger,Treatment
79,1,Younger,Treatment
79,1,Younger,Treatment
79,1,Younger,Treatment
79,1,Younger,Treatment
79,1,Younger,Treatment
79,1,Younger,Treatment
79,0,Younger,Treatment
79,1,Younger,Treatment
79,1,Younger,Treatment
79,1,Younger,Treatment
79,1,Younger,Treatment
79,1,Younger,Treatment
79,1,Younger,Treatment
79,1,Younger,Treatment
79,1,Younger,Treatment
79,1,Younger,Treatment
79,1,Younger,Treatment
79,1,Younger,Treatment
79,1,Younger,Treatment
79,1,Younger,Treatment
79,1,Younger,Treatment
79,1,Younger,Treatment
79,1,Younger,Treatment
79,1,Younger,Treatment
79,1,Younger,Treatment
79,1,Younger,Treatment
79,1,Younger,Treatment
79,1,Younger,Treatment
80,1,Younger,Treatment
80,0,Younger,Treatment
80,1,Younger,Treatment
80,1,Younger,Treatment
80,1,Younger,Treatment
80,1,Younger,Treatment
80,0,Younger,Treatment
80,1,Younger,Treatment
80,0,Younger,Treatment
80,1,Younger,Treatment
80,0,Younger,Treatment
80,1,Younger,Treatment
80,1,Younger,Treatment
80,1,Younger,Treatment
80,1,Younger,Treatment
80,1,Younger,Treatment
80,1,Younger,Treatment
80,1,Younger,Treatment
80,1,Younger,Treatment
80,1,Younger,Treatment
80,1,Younger,Treatment
80,1,Younger,Treatment
80,1,Younger,Treatment
80,1,Younger,Treatment
80,1,Younger,Treatment
80,0,Younger,Treatment
80,1,Younger,Treatment
80,1,Younger,Treatment
80,1,Younger,Treatment
80,1,Younger,Treatment
80,1,Younger,Treatment
80,1,Younger,Treatment
81,0,Younger,Treatment
81,0,Younger,Treatment
81,1,Younger,Treatment
81,1,Younger,Treatment
81,0,Younger,Treatment
81,1,Younger,Treatment
81,1,Younger,Treatment
81,1,Younger,Treatment
81,0,Younger,Treatment
81,1,Younger,Treatment
81,1,Younger,Treatment
81,1,Younger,Treatment
81,0,Younger,Treatment
81,1,Younger,Treatment
81,1,Younger,Treatment
81,1,Younger,Treatment
81,1,Younger,Treatment
81,1,Younger,Treatment
81,1,Younger,Treatment
81,1,Younger,Treatment
81,1,Younger,Treatment
81,1,Younger,Treatment
81,1,Younger,Treatment
81,1,Younger,Treatment
81,1,Younger,Treatment
81,0,Younger,Treatment
81,0,Younger,Treatment
81,1,Younger,Treatment
81,0,Younger,Treatment
81,1,Younger,Treatment
81,1,Younger,Treatment
81,1,Younger,Treatment
82,1,Younger,Treatment
82,1,Younger,Treatment
82,1,Younger,Treatment
82,1,Younger,Treatment
82,1,Younger,Treatment
82,1,Younger,Treatment
82,1,Younger,Treatment
82,1,Younger,Treatment
82,1,Younger,Treatment
82,1,Younger,Treatment
82,1,Younger,Treatment
82,1,Younger,Treatment
82,0,Younger,Treatment
82,1,Younger,Treatment
82,1,Younger,Treatment
82,1,Younger,Treatment
82,1,Younger,Treatment
82,1,Younger,Treatment
82,1,Younger,Treatment
82,0,Younger,Treatment
82,1,Younger,Treatment
82,1,Younger,Treatment
82,1,Younger,Treatment
82,1,Younger,Treatment
82,1,Younger,Treatment
82,1,Younger,Treatment
82,1,Younger,Treatment
82,1,Younger,Treatment
82,1,Younger,Treatment
82,1,Younger,Treatment
82,1,Younger,Treatment
82,1,Younger,Treatment
83,1,Younger,Treatment
83,1,Younger,Treatment
83,1,Younger,Treatment
83,1,Younger,Treatment
83,1,Younger,Treatment
83,1,Younger,Treatment
83,1,Younger,Treatment
83,1,Younger,Treatment
83,1,Younger,Treatment
83,1,Younger,Treatment
83,1,Younger,Treatment
83,1,Younger,Treatment
83,1,Younger,Treatment
83,1,Younger,Treatment
83,1,Younger,Treatment
83,1,Younger,Treatment
83,1,Younger,Treatment
83,1,Younger,Treatment
83,1,Younger,Treatment
83,1,Younger,Treatment
83,1,Younger,Treatment
83,1,Younger,Treatment
83,1,Younger,Treatment
83,0,Younger,Treatment
83,1,Younger,Treatment
83,1,Younger,Treatment
83,1,Younger,Treatment
83,1,Younger,Treatment
83,1,Younger,Treatment
83,1,Younger,Treatment
83,1,Younger,Treatment
83,1,Younger,Treatment
84,1,Younger,Treatment
84,1,Younger,Treatment
84,1,Younger,Treatment
84,1,Younger,Treatment
84,1,Younger,Treatment
84,1,Younger,Treatment
84,0,Younger,Treatment
84,1,Younger,Treatment
84,0,Younger,Treatment
84,1,Younger,Treatment
84,1,Younger,Treatment
84,0,Younger,Treatment
84,1,Younger,Treatment
84,1,Younger,Treatment
84,1,Younger,Treatment
84,1,Younger,Treatment
84,1,Younger,Treatment
84,1,Younger,Treatment
84,1,Younger,Treatment
84,1,Younger,Treatment
84,1,Younger,Treatment
84,1,Younger,Treatment
84,1,Younger,Treatment
84,1,Younger,Treatment
84,1,Younger,Treatment
84,0,Younger,Treatment
84,0,Younger,Treatment
84,1,Younger,Treatment
84,1,Younger,Treatment
84,1,Younger,Treatment
84,1,Younger,Treatment
84,1,Younger,Treatment
85,1,Younger,Treatment
85,1,Younger,Treatment
85,1,Younger,Treatment
85,1,Younger,Treatment
85,1,Younger,Treatment
85,1,Younger,Treatment
85,0,Younger,Treatment
85,1,Younger,Treatment
85,1,Younger,Treatment
85,1,Younger,Treatment
85,1,Younger,Treatment
85,1,Younger,Treatment
85,1,Younger,Treatment
85,1,Younger,Treatment
85,1,Younger,Treatment
85,1,Younger,Treatment
85,1,Younger,Treatment
85,1,Younger,Treatment
85,1,Younger,Treatment
85,1,Younger,Treatment
85,1,Younger,Treatment
85,1,Younger,Treatment
85,1,Younger,Treatment
85,1,Younger,Treatment
85,1,Younger,Treatment
85,1,Younger,Treatment
85,1,Younger,Treatment
85,1,Younger,Treatment
85,1,Younger,Treatment
85,1,Younger,Treatment
85,1,Younger,Treatment
85,1,Younger,Treatment
86,1,Younger,Treatment
86,1,Younger,Treatment
86,1,Younger,Treatment
86,1,Younger,Treatment
86,1,Younger,Treatment
86,1,Younger,Treatment
86,1,Younger,Treatment
86,1,Younger,Treatment
86,0,Younger,Treatment
86,1,Younger,Treatment
86,1,Younger,Treatment
86,1,Younger,Treatment
86,1,Younger,Treatment
86,1,Younger,Treatment
86,1,Younger,Treatment
86,1,Younger,Treatment
86,1,Younger,Treatment
86,1,Younger,Treatment
86,1,Younger,Treatment
86,1,Younger,Treatment
86,1,Younger,Treatment
86,1,Younger,Treatment
86,1,Younger,Treatment
86,1,Younger,Treatment
86,1,Younger,Treatment
86,1,Younger,Treatment
86,1,Younger,Treatment
86,1,Younger,Treatment
86,1,Younger,Treatment
86,1,Younger,Treatment
86,1,Younger,Treatment
86,1,Younger,Treatment
87,1,Younger,Treatment
87,0,Younger,Treatment
87,1,Younger,Treatment
87,0,Younger,Treatment
87,1,Younger,Treatment
87,1,Younger,Treatment
87,1,Younger,Treatment
87,1,Younger,Treatment
87,1,Younger,Treatment
87,1,Younger,Treatment
87,1,Younger,Treatment
87,1,Younger,Treatment
87,1,Younger,Treatment
87,0,Younger,Treatment
87,0,Younger,Treatment
87,1,Younger,Treatment
87,1,Younger,Treatment
87,1,Younger,Treatment
87,1,Younger,Treatment
87,1,Younger,Treatment
87,1,Younger,Treatment
87,1,Younger,Treatment
87,1,Younger,Treatment
87,1,Younger,Treatment
87,0,Younger,Treatment
87,1,Younger,Treatment
87,1,Younger,Treatment
87,1,Younger,Treatment
87,0,Younger,Treatment
87,0,Younger,Treatment
87,1,Younger,Treatment
87,1,Younger,Treatment
88,1,Younger,Treatment
88,1,Younger,Treatment
88,1,Younger,Treatment
88,1,Younger,Treatment
88,1,Younger,Treatment
88,1,Younger,Treatment
88,1,Younger,Treatment
88,0,Younger,Treatment
88,1,Younger,Treatment
88,1,Younger,Treatment
88,1,Younger,Treatment
88,1,Younger,Treatment
88,1,Younger,Treatment
88,1,Younger,Treatment
88,1,Younger,Treatment
88,1,Younger,Treatment
88,1,Younger,Treatment
88,1,Younger,Treatment
88,1,Younger,Treatment
88,1,Younger,Treatment
88,1,Younger,Treatment
88,1,Younger,Treatment
88,1,Younger,Treatment
88,1,Younger,Treatment
88,1,Younger,Treatment
88,1,Younger,Treatment
88,1,Younger,Treatment
88,1,Younger,Treatment
88,0,Younger,Treatment
88,1,Younger,Treatment
88,1,Younger,Treatment
88,1,Younger,Treatment
89,1,Younger,Treatment
89,0,Younger,Treatment
89,0,Younger,Treatment
89,1,Younger,Treatment
89,0,Younger,Treatment
89,1,Younger,Treatment
89,1,Younger,Treatment
89,1,Younger,Treatment
89,1,Younger,Treatment
89,0,Younger,Treatment
89,1,Younger,Treatment
89,1,Younger,Treatment
89,1,Younger,Treatment
89,1,Younger,Treatment
89,1,Younger,Treatment
89,1,Younger,Treatment
89,1,Younger,Treatment
89,1,Younger,Treatment
89,1,Younger,Treatment
89,1,Younger,Treatment
89,1,Younger,Treatment
89,1,Younger,Treatment
89,1,Younger,Treatment
89,1,Younger,Treatment
89,1,Younger,Treatment
89,1,Younger,Treatment
89,1,Younger,Treatment
89,1,Younger,Treatment
89,1,Younger,Treatment
89,1,Younger,Treatment
89,1,Younger,Treatment
89,1,Younger,Treatment
90,1,Younger,Treatment
90,1,Younger,Treatment
90,1,Younger,Treatment
90,1,Younger,Treatment
90,1,Younger,Treatment
90,0,Younger,Treatment
90,1,Younger,Treatment
90,1,Younger,Treatment
90,1,Younger,Treatment
90,1,Younger,Treatment
90,1,Younger,Treatment
90,1,Younger,Treatment
90,1,Younger,Treatment
90,1,Younger,Treatment
90,1,Younger,Treatment
90,1,Younger,Treatment
90,1,Younger,Treatment
90,1,Younger,Treatment
90,1,Younger,Treatment
90,1,Younger,Treatment
90,1,Younger,Treatment
90,1,Younger,Treatment
90,1,Younger,Treatment
90,1,Younger,Treatment
90,1,Younger,Treatment
90,1,Younger,Treatment
90,1,Younger,Treatment
90,1,Younger,Treatment
90,1,Younger,Treatment
90,1,Younger,Treatment
90,1,Younger,Treatment
90,1,Younger,Treatment
91,0,Younger,Treatment
91,1,Younger,Treatment
91,1,Younger,Treatment
91,1,Younger,Treatment
91,1,Younger,Treatment
91,1,Younger,Treatment
91,1,Younger,Treatment
91,1,Younger,Treatment
91,1,Younger,Treatment
91,1,Younger,Treatment
91,1,Younger,Treatment
91,1,Younger,Treatment
91,1,Younger,Treatment
91,1,Younger,Treatment
91,0,Younger,Treatment
91,1,Younger,Treatment
91,1,Younger,Treatment
91,1,Younger,Treatment
91,1,Younger,Treatment
91,1,Younger,Treatment
91,1,Younger,Treatment
91,1,Younger,Treatment
91,1,Younger,Treatment
91,1,Younger,Treatment
91,1,Younger,Treatment
91,1,Younger,Treatment
91,1,Younger,Treatment
91,1,Younger,Treatment
91,1,Younger,Treatment
91,1,Younger,Treatment
91,1,Younger,Treatment
91,1,Younger,Treatment
92,1,Younger,Treatment
92,1,Younger,Treatment
92,1,Younger,Treatment
92,1,Younger,Treatment
92,1,Younger,Treatment
92,1,Younger,Treatment
92,1,Younger,Treatment
92,1,Younger,Treatment
92,1,Younger,Treatment
92,1,Younger,Treatment
92,1,Younger,Treatment
92,1,Younger,Treatment
92,1,Younger,Treatment
92,1,Younger,Treatment
92,1,Younger,Treatment
92,1,Younger,Treatment
92,1,Younger,Treatment
92,0,Younger,Treatment
92,1,Younger,Treatment
92,1,Younger,Treatment
92,1,Younger,Treatment
92,1,Younger,Treatment
92,1,Younger,Treatment
92,1,Younger,Treatment
92,1,Younger,Treatment
92,1,Younger,Treatment
92,1,Younger,Treatment
92,1,Younger,Treatment
92,1,Younger,Treatment
92,1,Younger,Treatment
92,1,Younger,Treatment
92,0,Younger,Treatment
93,1,Younger,Treatment
93,1,Younger,Treatment
93,1,Younger,Treatment
93,1,Younger,Treatment
93,1,Younger,Treatment
93,1,Younger,Treatment
93,1,Younger,Treatment
93,1,Younger,Treatment
93,1,Younger,Treatment
93,1,Younger,Treatment
93,1,Younger,Treatment
93,1,Younger,Treatment
93,1,Younger,Treatment
93,1,Younger,Treatment
93,1,Younger,Treatment
93,1,Younger,Treatment
93,1,Younger,Treatment
93,1,Younger,Treatment
93,1,Younger,Treatment
93,1,Younger,Treatment
93,1,Younger,Treatment
93,1,Younger,Treatment
93,1,Younger,Treatment
93,1,Younger,Treatment
93,1,Younger,Treatment
93,1,Younger,Treatment
93,1,Younger,Treatment
93,1,Younger,Treatment
93,1,Younger,Treatment
93,1,Younger,Treatment
93,1,Younger,Treatment
93,1,Younger,Treatment
94,1,Younger,Treatment
94,0,Younger,Treatment
94,1,Younger,Treatment
94,1,Younger,Treatment
94,1,Younger,Treatment
94,1,Younger,Treatment
94,1,Younger,Treatment
94,0,Younger,Treatment
94,1,Younger,Treatment
94,1,Younger,Treatment
94,1,Younger,Treatment
94,1,Younger,Treatment
94,1,Younger,Treatment
94,1,Younger,Treatment
94,1,Younger,Treatment
94,1,Younger,Treatment
94,1,Younger,Treatment
94,1,Younger,Treatment
94,0,Younger,Treatment
94,1,Younger,Treatment
94,1,Younger,Treatment
94,1,Younger,Treatment
94,1,Younger,Treatment
94,1,Younger,Treatment
94,1,Younger,Treatment
94,1,Younger,Treatment
94,1,Younger,Treatment
94,1,Younger,Treatment
94,1,Younger,Treatment
94,1,Younger,Treatment
94,1,Younger,Treatment
94,0,Younger,Treatment
95,1,Younger,Treatment
95,1,Younger,Treatment
95,0,Younger,Treatment
95,0,Younger,Treatment
95,0,Younger,Treatment
95,1,Younger,Treatment
95,1,Younger,Treatment
95,0,Younger,Treatment
95,1,Younger,Treatment
95,1,Younger,Treatment
95,1,Younger,Treatment
95,1,Younger,Treatment
95,1,Younger,Treatment
95,0,Younger,Treatment
95,0,Younger,Treatment
95,1,Younger,Treatment
95,1,Younger,Treatment
95,1,Younger,Treatment
95,1,Younger,Treatment
95,1,Younger,Treatment
95,1,Younger,Treatment
95,1,Younger,Treatment
95,1,Younger,Treatment
95,0,Younger,Treatment
95,0,Younger,Treatment
95,0,Younger,Treatment
95,1,Younger,Treatment
95,1,Younger,Treatment
95,1,Younger,Treatment
95,1,Younger,Treatment
95,1,Younger,Treatment
95,1,Younger,Treatment
96,1,Younger,Treatment
96,1,Younger,Treatment
96,0,Younger,Treatment
96,1,Younger,Treatment
96,1,Younger,Treatment
96,1,Younger,Treatment
96,0,Younger,Treatment
96,1,Younger,Treatment
96,1,Younger,Treatment
96,1,Younger,Treatment
96,1,Younger,Treatment
96,1,Younger,Treatment
96,1,Younger,Treatment
96,0,Younger,Treatment
96,1,Younger,Treatment
96,0,Younger,Treatment
96,1,Younger,Treatment
96,1,Younger,Treatment
96,1,Younger,Treatment
96,0,Younger,Treatment
96,1,Younger,Treatment
96,1,Younger,Treatment
96,1,Younger,Treatment
96,1,Younger,Treatment
96,1,Younger,Treatment
96,1,Younger,Treatment
96,1,Younger,Treatment
96,1,Younger,Treatment
96,1,Younger,Treatment
96,1,Younger,Treatment
96,1,Younger,Treatment
96,1,Younger,Treatment
97,1,Younger,Treatment
97,1,Younger,Treatment
97,1,Younger,Treatment
97,1,Younger,Treatment
97,0,Younger,Treatment
97,1,Younger,Treatment
97,1,Younger,Treatment
97,1,Younger,Treatment
97,1,Younger,Treatment
97,1,Younger,Treatment
97,0,Younger,Treatment
97,1,Younger,Treatment
97,1,Younger,Treatment
97,1,Younger,Treatment
97,1,Younger,Treatment
97,1,Younger,Treatment
97,1,Younger,Treatment
97,1,Younger,Treatment
97,1,Younger,Treatment
97,1,Younger,Treatment
97,0,Younger,Treatment
97,1,Younger,Treatment
97,1,Younger,Treatment
97,1,Younger,Treatment
97,1,Younger,Treatment
97,1,Younger,Treatment
97,1,Younger,Treatment
97,1,Younger,Treatment
97,1,Younger,Treatment
97,1,Younger,Treatment
97,1,Younger,Treatment
97,1,Younger,Treatment
98,1,Younger,Treatment
98,1,Younger,Treatment
98,1,Younger,Treatment
98,1,Younger,Treatment
98,0,Younger,Treatment
98,1,Younger,Treatment
98,0,Younger,Treatment
98,1,Younger,Treatment
98,1,Younger,Treatment
98,0,Younger,Treatment
98,1,Younger,Treatment
98,1,Younger,Treatment
98,1,Younger,Treatment
98,0,Younger,Treatment
98,0,Younger,Treatment
98,1,Younger,Treatment
98,1,Younger,Treatment
98,0,Younger,Treatment
98,1,Younger,Treatment
98,1,Younger,Treatment
98,0,Younger,Treatment
98,0,Younger,Treatment
98,1,Younger,Treatment
98,1,Younger,Treatment
98,1,Younger,Treatment
98,0,Younger,Treatment
98,0,Younger,Treatment
98,0,Younger,Treatment
98,1,Younger,Treatment
98,1,Younger,Treatment
98,0,Younger,Treatment
98,1,Younger,Treatment
99,1,Younger,Treatment
99,1,Younger,Treatment
99,1,Younger,Treatment
99,1,Younger,Treatment
99,1,Younger,Treatment
99,1,Younger,Treatment
99,1,Younger,Treatment
99,1,Younger,Treatment
99,1,Younger,Treatment
99,1,Younger,Treatment
99,1,Younger,Treatment
99,1,Younger,Treatment
99,1,Younger,Treatment
99,1,Younger,Treatment
99,1,Younger,Treatment
99,1,Younger,Treatment
99,1,Younger,Treatment
99,1,Younger,Treatment
99,1,Younger,Treatment
99,1,Younger,Treatment
99,0,Younger,Treatment
99,1,Younger,Treatment
99,1,Younger,Treatment
99,1,Younger,Treatment
99,1,Younger,Treatment
99,1,Younger,Treatment
99,1,Younger,Treatment
99,1,Younger,Treatment
99,1,Younger,Treatment
99,1,Younger,Treatment
99,1,Younger,Treatment
99,1,Younger,Treatment
100,0,Younger,Treatment
100,1,Younger,Treatment
100,1,Younger,Treatment
100,1,Younger,Treatment
100,1,Younger,Treatment
100,1,Younger,Treatment
100,1,Younger,Treatment
100,1,Younger,Treatment
100,1,Younger,Treatment
100,1,Younger,Treatment
100,1,Younger,Treatment
100,1,Younger,Treatment
100,1,Younger,Treatment
100,1,Younger,Treatment
100,1,Younger,Treatment
100,1,Younger,Treatment
100,1,Younger,Treatment
100,0,Younger,Treatment
100,1,Younger,Treatment
100,1,Younger,Treatment
100,0,Younger,Treatment
100,1,Younger,Treatment
100,1,Younger,Treatment
100,1,Younger,Treatment
100,1,Younger,Treatment
100,1,Younger,Treatment
100,1,Younger,Treatment
100,1,Younger,Treatment
100,1,Younger,Treatment
100,1,Younger,Treatment
100,1,Younger,Treatment
100,1,Younger,Treatment